company,warehouse,lpn,location,item,itemPackageType,quantity,inventoryStatus
20901,WMEC,LPN00001,B1A,6 CAN,,3869,AVAL
20901,WMEC,LPN00002,B1B,12 CAN,,31150,AVAL
20901,WMEC,LPN00003,B1C,12 CAN,,47,AVAL
20901,WMEC,LPN00004,B1D,24 CAN,,4080,AVAL
20901,WMEC,LPN00005,B1E,24 CAN,,3060,AVAL
20901,WMEC,LPN00006,B1F,24 CAN,,1020,AVAL
20901,WMEC,LPN00007,B1G,24 CAN,,1700,AVAL
20901,WMEC,LPN00008,B1H,42 CAN,,89,AVAL
20901,WMEC,LPN00009,B1I,CB-2016-C,,4896,AVAL
20901,WMEC,LPN00010,B1J,WP-00020-04,,2868,AVAL
20901,WMEC,LPN00011,B1K,WP-00020-50,,1654,AVAL
20901,WMEC,LPN00012,B2A,22049P-10-29,,21,AVAL
20901,WMEC,LPN00013,B2B,22049P-30-20,,18,AVAL
20901,WMEC,LPN00014,B2C,22049P-35-29,,1,AVAL
20901,WMEC,LPN00015,B2D,22049P-35-20,,24,AVAL
20901,WMEC,LPN00016,B2E,22049P-50-29,,4,AVAL
20901,WMEC,LPN00017,B2F,22049P-80-29,,20,AVAL
20901,WMEC,LPN00018,B2G,22049P-80-20,,15,AVAL
20901,WMEC,LPN00019,B2H,22049P-90-20,,47,AVAL
20901,WMEC,LPN00020,B2I,WE04477DPG,,176,AVAL
20901,WMEC,LPN00021,B2J,WE04477DPG,,206,AVAL
20901,WMEC,LPN00022,B2K,WE04477DPG,,133,AVAL
20901,WMEC,LPN00023,B3A,2018090602,,1,AVAL
20901,WMEC,LPN00024,B3B,WE04477DPP,,125,AVAL
20901,WMEC,LPN00025,B3C,WE04477DPP,,159,AVAL
20901,WMEC,LPN00026,B3D,WE04477DNB,,244,AVAL
20901,WMEC,LPN00027,B3E,WE04477DNB,,176,AVAL
20901,WMEC,LPN00028,B3F,WE04424BPG,,1,AVAL
20901,WMEC,LPN00029,B3G,WE04424BPG,,197,AVAL
20901,WMEC,LPN00030,B3H,WE04424BPG,,65,AVAL
20901,WMEC,LPN00031,B3I,WE04424BPG,,195,AVAL
20901,WMEC,LPN00032,B3J,WE04424BPP,,105,AVAL
20901,WMEC,LPN00033,B3K,WE04424BPP,,105,AVAL
20901,WMEC,LPN00034,B4A,WE04424BPP,,195,AVAL
20901,WMEC,LPN00035,B4B,WE04424BNB,,91,AVAL
20901,WMEC,LPN00036,B4C,WE04424BNB,,108,AVAL
20901,WMEC,LPN00037,B4D,WE04424BNB,,202,AVAL
20901,WMEC,LPN00038,B4E,2018090605,,2,AVAL
20901,WMEC,LPN00039,B4F,2018090606,,1,AVAL
20901,WMEC,LPN00040,B4G,2018090607,,1,AVAL
20901,WMEC,LPN00041,B4H,2018090608,,1,AVAL
20901,WMEC,LPN00042,B4I,2018092802,,3,AVAL
20901,WMEC,LPN00043,B4J,2018092803,,3,AVAL
20901,WMEC,LPN00044,B4K,2018092804,,2,AVAL
20901,WMEC,LPN00045,B5A,2018092808,,2,AVAL
20901,WMEC,LPN00046,B5B,WE04362-20,,1,AVAL
20901,WMEC,LPN00047,B5C,WE04362-20,,242,AVAL
20901,WMEC,LPN00048,B5D,WE04362-10,,371,AVAL
20901,WMEC,LPN00049,B5E,WE04362-10,,64,AVAL
20901,WMEC,LPN00050,B5F,WE04362-55,,1,AVAL
20901,WMEC,LPN00051,B5G,WE04362-55,,270,AVAL
20901,WMEC,LPN00052,B5H,WE04362-55,,70,AVAL
20901,WMEC,LPN00053,B5I,WE04363-20,,1,AVAL
20901,WMEC,LPN00054,B5J,WE04363-20,,393,AVAL
20901,WMEC,LPN00055,B5K,WE04363-55,,5,AVAL
20901,WMEC,LPN00056,B6A,WE04363-55,,3,AVAL
20901,WMEC,LPN00057,B6B,WE04363-55,,454,AVAL
20901,WMEC,LPN00058,B6C,WE04396-20,,21,AVAL
20901,WMEC,LPN00059,B6D,WE04396-10,,147,AVAL
20901,WMEC,LPN00060,B6E,WE04396-55,,43,AVAL
20901,WMEC,LPN00061,B6F,WE04397-55,,375,AVAL
20901,WMEC,LPN00062,B6G,WE04397-55,,425,AVAL
20901,WMEC,LPN00063,B6H,WE04397-55,,63,AVAL
20901,WMEC,LPN00064,B6I,WE04401-20,,39,AVAL
20901,WMEC,LPN00065,B6J,WE04401-20,,170,AVAL
20901,WMEC,LPN00066,B6K,WE04401-20,,89,AVAL
20901,WMEC,LPN00067,F1A,WE04401-10,,142,AVAL
20901,WMEC,LPN00068,F1B,WE04401-10,,121,AVAL
20901,WMEC,LPN00069,F1C,22570P-08-29,,6,AVAL
20901,WMEC,LPN00070,F1D,22570P-08-25,,36,AVAL
20901,WMEC,LPN00071,F1E,22570P-08-20,,58,AVAL
20901,WMEC,LPN00072,F1F,22570P-20-29,,15,AVAL
20901,WMEC,LPN00073,F1G,22570P-20-25,,12,AVAL
20901,WMEC,LPN00074,F1H,22570P-20-20,,91,AVAL
20901,WMEC,LPN00075,F1I,22570P-55-29,,1,AVAL
20901,WMEC,LPN00076,F1J,22570P-55-25,,20,AVAL
20901,WMEC,LPN00077,F1K,22570P-55-20,,24,AVAL
20901,WMEC,LPN00078,F2A,22476-XX-29,,19,AVAL
20901,WMEC,LPN00079,F2B,21684-XX-20,,44,AVAL
20901,WMEC,LPN00080,F2C,21684-XX-17,,25,AVAL
20901,WMEC,LPN00081,F2D,4GBGS-19-ORANGE,,1,AVAL
20901,WMEC,LPN00082,F2E,WE04477DNT,,148,AVAL
20901,WMEC,LPN00083,F2F,WE04477DNO,,75,AVAL
20901,WMEC,LPN00084,F2G,WE04477DNC,,45,AVAL
20901,WMEC,LPN00085,F2H,WE04477DNY,,78,AVAL
20901,WMEC,LPN00086,F2I,WE04424BNT,,211,AVAL
20901,WMEC,LPN00087,F2J,WE04424BNO,,230,AVAL
20901,WMEC,LPN00088,F2K,WE04424BNC,,75,AVAL
20901,WMEC,LPN00089,F3A,WE04424BNY,,82,AVAL
20901,WMEC,LPN00090,F3B,WE04591DNB,,113,AVAL
20901,WMEC,LPN00091,F3C,WE04591DPG,,55,AVAL
20901,WMEC,LPN00092,F3D,WE04591DNT,,75,AVAL
20901,WMEC,LPN00093,F3E,WE04591DNO,,66,AVAL
20901,WMEC,LPN00094,F3F,WE04591DNC,,73,AVAL
20901,WMEC,LPN00095,F3G,WE04794BNB,,81,AVAL
20901,WMEC,LPN00096,F3H,WE04794BPG,,4,AVAL
20901,WMEC,LPN00097,F3I,WE04794BPG,,498,AVAL
20901,WMEC,LPN00098,F3J,WE04594TNB,,175,AVAL
20901,WMEC,LPN00099,F3K,WE04594TPG,,128,AVAL
20901,WMEC,LPN00100,F4A,WE04594TPP,,145,AVAL
20901,WMEC,LPN00101,F4B,WE04594TNT,,67,AVAL
20901,WMEC,LPN00102,F4C,WE04594TNO,,66,AVAL
20901,WMEC,LPN00103,F4D,WE04594TNC,,82,AVAL
20901,WMEC,LPN00104,F4E,WE04594TNY,,90,AVAL
20901,WMEC,LPN00105,F4F,WE04795TNB,,284,AVAL
20901,WMEC,LPN00106,F4G,WE04795TPG,,216,AVAL
20901,WMEC,LPN00107,F4H,WE04795TPP,,258,AVAL
20901,WMEC,LPN00108,F4I,WE04362-35,,14,AVAL
20901,WMEC,LPN00109,F4J,WE04362-45,,25,AVAL
20901,WMEC,LPN00110,F4K,WE04362-93,,41,AVAL
20901,WMEC,LPN00111,F5A,WE04362-70,,12,AVAL
20901,WMEC,LPN00112,F5B,WE04397-20,,802,AVAL
20901,WMEC,LPN00113,F5C,WE04397-10,,344,AVAL
20901,WMEC,LPN00114,F5D,WE04397-35,,253,AVAL
20901,WMEC,LPN00115,F5E,WE04397-45,,239,AVAL
20901,WMEC,LPN00116,F5F,WE04397-93,,245,AVAL
20901,WMEC,LPN00117,F5G,WE04397-70,,248,AVAL
20901,WMEC,LPN00118,F5H,22570-GEO-20,,69,AVAL
20901,WMEC,LPN00119,F5I,22570-WATERCOLOR-20,,33,AVAL
20901,WMEC,LPN00120,F5J,22570-WATERCOLOR-20,,287,AVAL
20901,WMEC,LPN00121,F5K,22570-CLOUD-20,,86,AVAL
20901,WMEC,LPN00122,F6A,1828401,,94,AVAL
20901,WMEC,LPN00123,F6B,4712375,,65,AVAL
20901,WMEC,LPN00124,F6C,7862244,,75,AVAL
20901,WMEC,LPN00125,F6D,1904060,,142,AVAL
20901,WMEC,LPN00126,F6E,3096867,,230,AVAL
20901,WMEC,LPN00127,F6F,3482412,,190,AVAL
20901,WMEC,LPN00128,F6G,7028500,,177,AVAL
20901,WMEC,LPN00129,F6H,4978252,,137,AVAL
20901,WMEC,LPN00130,F6I,7054859,,112,AVAL
20901,WMEC,LPN00131,F6J,8112413,,125,AVAL
20901,WMEC,LPN00132,F6K,7337292,,49,AVAL
20901,WMEC,LPN00133,B1A,582506,,115,AVAL
20901,WMEC,LPN00134,B1B,6122957,,73,AVAL
20901,WMEC,LPN00135,B1C,9263791,,5,AVAL
20901,WMEC,LPN00136,B1D,9263791,,420,AVAL
20901,WMEC,LPN00137,B1E,508525,,71,AVAL
20901,WMEC,LPN00138,B1F,4247746,,69,AVAL
20901,WMEC,LPN00139,B1G,3890252,,8,AVAL
20901,WMEC,LPN00140,B1H,3890252,,449,AVAL
20901,WMEC,LPN00141,B1I,1296534,,34,AVAL
20901,WMEC,LPN00142,B1J,1920-5QT-BTFLY,,632,AVAL
20901,WMEC,LPN00143,B1K,1920-5QT-CAMO,,1152,AVAL
20901,WMEC,LPN00144,B2A,7213799,,135,AVAL
20901,WMEC,LPN00145,B2B,9152755,,124,AVAL
20901,WMEC,LPN00146,B2C,9596919,,110,AVAL
20901,WMEC,LPN00147,B2D,892746,,103,AVAL
20901,WMEC,LPN00148,B2E,7097643,,136,AVAL
20901,WMEC,LPN00149,B2F,8769462,,137,AVAL
20901,WMEC,LPN00150,B2G,861541,,1,AVAL
20901,WMEC,LPN00151,B2H,861541,,471,AVAL
20901,WMEC,LPN00152,B2I,22570P-35-20,,130,AVAL
20901,WMEC,LPN00153,B2J,22570P-45-20,,83,AVAL
20901,WMEC,LPN00154,B2K,1368648,,157,AVAL
20901,WMEC,LPN00155,B3A,3810940,,110,AVAL
20901,WMEC,LPN00156,B3B,22570P-93-20,,30,AVAL
20901,WMEC,LPN00157,B3C,22570P-70-20,,33,AVAL
20901,WMEC,LPN00158,B3D,22570P-00-20,,104,AVAL
20901,WMEC,LPN00159,B3E,22570P-35-25,,56,AVAL
20901,WMEC,LPN00160,B3F,22570P-45-25,,51,AVAL
20901,WMEC,LPN00161,B3G,22570P-93-25,,38,AVAL
20901,WMEC,LPN00162,B3H,22570P-70-25,,29,AVAL
20901,WMEC,LPN00163,B3I,22570P-35-29,,9,AVAL
20901,WMEC,LPN00164,B3J,22570P-45-29,,4,AVAL
20901,WMEC,LPN00165,B3K,22570P-93-29,,14,AVAL
20901,WMEC,LPN00166,B4A,22570P-70-29,,17,AVAL
20901,WMEC,LPN00167,B4B,1920-5QT-HAP,,12,AVAL
20901,WMEC,LPN00168,B4C,1920-BASK-PURP,,56,AVAL
20901,WMEC,LPN00169,B4D,1920-BASK-PNK,,648,AVAL
20901,WMEC,LPN00170,B4E,22822-53-29,,144,AVAL
20901,WMEC,LPN00171,B4F,22822-53-25,,1,AVAL
20901,WMEC,LPN00172,B4G,22822-12-29,,2,AVAL
20901,WMEC,LPN00173,B4H,22822-12-20,,2,AVAL
20901,WMEC,LPN00174,B4I,22822-10-29,,59,AVAL
20901,WMEC,LPN00175,B4J,22822-10-25,,2,AVAL
20901,WMEC,LPN00176,B4K,22822-10-20,,4,AVAL
20901,WMEC,LPN00177,B5A,VL-FS-T-FG,,7416,AVAL
20901,WMEC,LPN00178,B5B,VL-FS-G-FG,,12360,AVAL
20901,WMEC,LPN00179,B5C,CB-1610-C-0002,,960,AVAL
20901,WMEC,LPN00180,B5D,4GBGS-19-BLUE-0002,,1436,AVAL
20901,WMEC,LPN00181,B5E,7QDP-19-BLK-0001,,12792,AVAL
20901,WMEC,LPN00182,B5F,4GBGS-19-BLUE-0003,,1920,AVAL
20901,WMEC,LPN00183,B5G,PC20-1STEP-SIN-0002,,450,AVAL
20901,WMEC,LPN00184,B5H,MS11100019425TR-0003,,212,AVAL
20901,WMEC,LPN00185,B5I,MS11100019425WT-0002,,288,AVAL
20901,WMEC,LPN00186,B5J,1921-5QT-DINO-0004,,14000,AVAL
20901,WMEC,LPN00187,B5K,VL-DD-10-0004,,720,AVAL
20901,WMEC,LPN00188,B6A,VL-FS-G-0001,,2040,AVAL
20901,WMEC,LPN00189,B6B,VL-FS-T-0001,,1224,AVAL
20901,WMEC,LPN00190,B6C,WP-00020-04-0004,,1888,AVAL
20901,WMEC,LPN00191,B6D,WP-00020-50-0005,,3706,AVAL
20901,WMEC,LPN00192,B6E,6CAN-P-0002,,93600,AVAL
20901,WMEC,LPN00193,B6F,PC20-1STEP-SIN-0003,,7929,AVAL
20901,WMEC,LPN00194,B6G,PC20-2STEP-DOU-0002,,2978,AVAL
20901,WMEC,LPN00195,B6H,WP-CB016-10-LG-0002,,195,AVAL
20901,WMEC,LPN00196,B6I,WP-CB016-12-LG-0003,,195,AVAL
20901,WMEC,LPN00197,B6J,WP-CB016-30-LG-0002,,390,AVAL
20901,WMEC,LPN00198,B6K,VL-CB016-45-LG-0002,,195,AVAL
20901,WMEC,LPN00199,F1A,VL-CB016-90-LG-0002,,195,AVAL
20901,WMEC,LPN00200,F1B,PC20-POTTY-RNG-0003,,8448,AVAL
20901,WMEC,LPN00201,F1C,HTLEF-2020-0001,,58800,AVAL
20901,WMEC,LPN00202,F1D,HTSQF-2020-0001,,16500,AVAL
20901,WMEC,LPN00203,F1E,HTFF-2020-0001,,15680,AVAL
20901,WMEC,LPN00204,F1F,VL-FS-G-0002,,3720,AVAL
20901,WMEC,LPN00205,F1G,VL-FS-T-0002,,2232,AVAL
20901,WMEC,LPN00206,F1H,VL-DD-10-0005,,16485,AVAL
20901,WMEC,LPN00207,F1I,24CAN-P-0001,,6698,AVAL
20901,WMEC,LPN00208,F1J,42CAN-P-0001,,1125,AVAL
20901,WMEC,LPN00209,F1K,MS11100019425CL-0003,,48,AVAL
20901,WMEC,LPN00210,F2A,1921-5QT-CAMO-0008,,11768,AVAL
20901,WMEC,LPN00211,F2B,WP-00020-25-0009,,576,AVAL
20901,WMEC,LPN00212,F2C,WP-00020-04-0008,,11952,AVAL
20901,WMEC,LPN00213,F2D,WP-00020-25-0011,,52494,AVAL
20901,WMEC,LPN00214,F2E,WP-00020-10-0006,,2364,AVAL
20901,WMEC,LPN00215,F2F,WP-00020-50-0010,,23710,AVAL
20901,WMEC,LPN00216,F2G,PC20-POTTY-RNG-0004,,338,AVAL
20901,WMEC,LPN00217,F2H,MS11100019425TR-0005,,2468,AVAL
20901,WMEC,LPN00218,F2I,MS51000000001GR-0001,,37470,AVAL
20901,WMEC,LPN00219,F2J,MS51000000001WH-0001,,9867,AVAL
20901,WMEC,LPN00220,F2K,MS51000000001BG-0001,,1680,AVAL
20901,WMEC,LPN00221,F3A,6CAN-P-0004,,11460,AVAL
20901,WMEC,LPN00222,F3B,PC20-1STEP-SIN-0005,,2232,AVAL
20901,WMEC,LPN00223,F3C,PC20-2STEP-DOU-0003,,39492,AVAL
20901,WMEC,LPN00224,F3D,WP-00020-04-0009,,16220,AVAL
20901,WMEC,LPN00225,F3E,WP-00020-10-0007,,42996,AVAL
20901,WMEC,LPN00226,F3F,7QDP-19-BLK-0005,,121176,AVAL
20901,WMEC,LPN00227,F3G,4GBGS-19-BLUE-0007,,11760,AVAL
20901,WMEC,LPN00228,F3H,HTSQF-2020-0002,,5908,AVAL
20901,WMEC,LPN00229,F3I,HTLEQUIPF-2020-0001,,2880,AVAL
20901,WMEC,LPN00230,F3J,WP-00020-50-0012,,288,AVAL
20901,WMEC,LPN00231,F3K,CB-2016-C-0004,,7128,AVAL
20901,WMEC,LPN00232,F4A,42CAN-P-0003,,250,AVAL
20901,WMEC,LPN00233,F4B,WP-00020-50-0013,,108,AVAL
20901,WMEC,LPN00234,F4C,MS51000000001WH-0002,,29413,AVAL
20901,WMEC,LPN00235,F4D,MS51000000001GR-0002,,5520,AVAL
20901,WMEC,LPN00236,F4E,MS51000000001BG-0002,,4800,AVAL
20901,WMEC,LPN00237,F4F,VL-DD-10-0007,,720,AVAL
20901,WMEC,LPN00238,F4G,6CAN-P-0005,,139624,AVAL
20901,WMEC,LPN00239,F4H,24CAN-P-0004,,50000,AVAL
20901,WMEC,LPN00240,F4I,42CAN-P-0005,,6200,AVAL
20901,WMEC,LPN00241,F4J,42CAN-P-0006,,27525,AVAL
20901,WMEC,LPN00242,F4K,WP-00020-50-0014,,30394,AVAL
20901,WMEC,LPN00243,F5A,24CAN-P-0005,,10520,AVAL
20901,WMEC,LPN00244,F5B,RAW-0010-02,,160.38,AVAL
20901,WMEC,LPN00245,F5C,RAW-0012-01,,10.01,AVAL
20901,WMEC,LPN00246,F5D,RAW-0008-01,,1.08,AVAL
20901,WMEC,LPN00247,F5E,RAW-0007-05,,6040,AVAL
20901,WMEC,LPN00248,F5F,RAW-0012-05,,670.81,AVAL
20901,WMEC,LPN00249,F5G,RAW-0016-13,,132.7,AVAL
20901,WMEC,LPN00250,F5H,RAW-0016-96,,280.1127,AVAL
20901,WMEC,LPN00251,F5I,RAW-0003-24,,137.182,AVAL
20901,WMEC,LPN00252,F5J,RAW-0018-15,,3050,AVAL
20901,WMEC,LPN00253,F5K,RAW-0022-05,,3212,AVAL
20901,WMEC,LPN00254,F6A,RAW-0003-33,,15.93,AVAL
20901,WMEC,LPN00255,F6B,RAW-0018-16,,3050,AVAL
20901,WMEC,LPN00256,F6C,RAW-0018-17,,3050,AVAL
20901,WMEC,LPN00257,F6D,RAW-0016-103,,16.4,AVAL
20901,WMEC,LPN00258,F6E,RAW-0025-07,,245,AVAL
20901,WMEC,LPN00259,F6F,RAW-0007-13,,6900,AVAL
20901,WMEC,LPN00260,F6G,RAW-0005-51,,1707,AVAL
20901,WMEC,LPN00261,F6H,RAW-0020-08,,2149,AVAL
20901,WMEC,LPN00262,F6I,RAW-0017-23L,,4137,AVAL
20901,WMEC,LPN00263,F6J,RAW-0017-23R,,4137,AVAL
20901,WMEC,LPN00264,F6K,RAW-0005-56,,1687,AVAL
20901,WMEC,LPN00265,B1A,RAW-0005-55,,1319,AVAL
20901,WMEC,LPN00266,B1B,RAW-0006-19L,,11486,AVAL
20901,WMEC,LPN00267,B1C,RAW-0006-19R,,11678,AVAL
20901,WMEC,LPN00268,B1D,RAW-0008-14,,7.77,AVAL
20901,WMEC,LPN00269,B1E,RAW-0008-15,,5.272,AVAL
20901,WMEC,LPN00270,B1F,RAW-0011-53,,8500,AVAL
20901,WMEC,LPN00271,B1G,RAW-0028-03,,91,AVAL
20901,WMEC,LPN00272,B1H,RAW-0002-31,,9020,AVAL
20901,WMEC,LPN00273,B1I,RAW-0017-25,,1312,AVAL
20901,WMEC,LPN00274,B1J,C-W-CB016-LG,,2005,AVAL
20901,WMEC,LPN00275,B1K,RAW-0010-01,,4.13045,AVAL
20901,WMEC,LPN00276,B2A,RAW-0010-01,,0.004,AVAL
20901,WMEC,LPN00277,B2B,RAW-0010-01,,2.612,AVAL
20901,WMEC,LPN00278,B2C,RAW-0010-01,,1,AVAL
20901,WMEC,LPN00279,B2D,RAW-0010-01,,4,AVAL
20901,WMEC,LPN00280,B2E,RAW-0010-01,,4.156,AVAL
20901,WMEC,LPN00281,B2F,RAW-0010-02,,44.749,AVAL
20901,WMEC,LPN00282,B2G,RAW-0010-02,,170.873,AVAL
20901,WMEC,LPN00283,B2H,RAW-0010-02,,41.708,AVAL
20901,WMEC,LPN00284,B2I,RAW-0012-01,,0.15003,AVAL
20901,WMEC,LPN00285,B2J,RAW-0012-01,,0.07,AVAL
20901,WMEC,LPN00286,B2K,RAW-0012-01,,0.11,AVAL
20901,WMEC,LPN00287,B3A,RAW-0012-01,,0.46,AVAL
20901,WMEC,LPN00288,B3B,RAW-0012-01,,0.61,AVAL
20901,WMEC,LPN00289,B3C,RAW-0012-01,,4.57,AVAL
20901,WMEC,LPN00290,B3D,RAW-0012-01,,35.58,AVAL
20901,WMEC,LPN00291,B3E,RAW-0004-01,,0.032,AVAL
20901,WMEC,LPN00292,B3F,RAW-0008-01,,299.32,AVAL
20901,WMEC,LPN00293,B3G,RAW-0008-01,,4.08,AVAL
20901,WMEC,LPN00294,B3H,RAW-0014-01,,342,AVAL
20901,WMEC,LPN00295,B3I,RAW-0014-01,,5.25,AVAL
20901,WMEC,LPN00296,B3J,RAW-0014-01,,4855.8,AVAL
20901,WMEC,LPN00297,B3K,RAW-0014-01,,3.5,AVAL
20901,WMEC,LPN00298,B4A,RAW-0014-01,,2.95,AVAL
20901,WMEC,LPN00299,B4B,RAW-0014-01,,0.35,AVAL
20901,WMEC,LPN00300,B4C,RAW-0014-01,,216,AVAL
20901,WMEC,LPN00301,B4D,RAW-0014-01,,105,AVAL
20901,WMEC,LPN00302,B4E,RAW-0014-01,,50,AVAL
20901,WMEC,LPN00303,B4F,RAW-0014-01,,176.9,AVAL
20901,WMEC,LPN00304,B4G,RAW-0007-05,,544,AVAL
20901,WMEC,LPN00305,B4H,RAW-0007-05,,610,AVAL
20901,WMEC,LPN00306,B4I,RAW-0007-05,,17,AVAL
20901,WMEC,LPN00307,B4J,RAW-0007-05,,39,AVAL
20901,WMEC,LPN00308,B4K,RAW-0007-05,,180,AVAL
20901,WMEC,LPN00309,B5A,RAW-0003-10,,8,AVAL
20901,WMEC,LPN00310,B5B,RAW-0012-05,,0.16,AVAL
20901,WMEC,LPN00311,B5C,RAW-0012-05,,4.79,AVAL
20901,WMEC,LPN00312,B5D,RAW-0012-05,,1.99001,AVAL
20901,WMEC,LPN00313,B5E,RAW-0012-05,,13.015,AVAL
20901,WMEC,LPN00314,B5F,RAW-0012-05,,5.826,AVAL
20901,WMEC,LPN00315,B5G,RAW-0012-05,,7.86,AVAL
20901,WMEC,LPN00316,B5H,RAW-0012-05,,0.45,AVAL
20901,WMEC,LPN00317,B5I,RAW-0012-05,,140,AVAL
20901,WMEC,LPN00318,B5J,RAW-0012-05,,50,AVAL
20901,WMEC,LPN00319,B5K,RAW-0012-05,,40,AVAL
20901,WMEC,LPN00320,B6A,RAW-0012-05,,139.3,AVAL
20901,WMEC,LPN00321,B6B,RAW-0015-12H,,4.49,AVAL
20901,WMEC,LPN00322,B6C,RAW-0015-12H,,0.27,AVAL
20901,WMEC,LPN00323,B6D,RAW-0015-12H,,3.23,AVAL
20901,WMEC,LPN00324,B6E,RAW-0016-13,,10.32,AVAL
20901,WMEC,LPN00325,B6F,RAW-0016-13,,7.05,AVAL
20901,WMEC,LPN00326,B6G,ET3113-550115,,30193.98,AVAL
20901,WMEC,LPN00327,B6H,ET3113-550115,,77488.61,AVAL
20901,WMEC,LPN00328,B6I,ET3113-550115,,37779.04,AVAL
20901,WMEC,LPN00329,B6J,RAW-1002-01,,329,AVAL
20901,WMEC,LPN00330,B6K,RAW-1002-01,,788,AVAL
20901,WMEC,LPN00331,F1A,RAW-1002-01,,4559,AVAL
20901,WMEC,LPN00332,F1B,RAW-0024-02,,50,AVAL
20901,WMEC,LPN00333,F1C,RAW-0024-02,,29,AVAL
20901,WMEC,LPN00334,F1D,RAW-1005-01,,58,AVAL
20901,WMEC,LPN00335,F1E,RAW-1005-01,,18,AVAL
20901,WMEC,LPN00336,F1F,RAW-0024-03,,220,AVAL
20901,WMEC,LPN00337,F1G,RAW-0007-09,,1362,AVAL
20901,WMEC,LPN00338,F1H,RAW-0007-09,,4683,AVAL
20901,WMEC,LPN00339,F1I,10-RM-5,,10506.8,AVAL
20901,WMEC,LPN00340,F1J,20-RW-5,,224462.0852,AVAL
20901,WMEC,LPN00341,F1K,20-RW-5,,1876.2,AVAL
20901,WMEC,LPN00342,F2A,20-RW-2,,51465.47,AVAL
20901,WMEC,LPN00343,F2B,C-RV-30,,2577,AVAL
20901,WMEC,LPN00344,F2C,C-RV-30,,1023,AVAL
20901,WMEC,LPN00345,F2D,RAW-0003-19,,124.42,AVAL
20901,WMEC,LPN00346,F2E,RAW-0003-19,,0.462,AVAL
20901,WMEC,LPN00347,F2F,RAW-0003-19,,1.828,AVAL
20901,WMEC,LPN00348,F2G,RAW-0003-19,,0.152,AVAL
20901,WMEC,LPN00349,F2H,Pii-SLV-3-28-CC,,94,AVAL
20901,WMEC,LPN00350,F2I,Pii-SLV-3-28-CC,,106,AVAL
20901,WMEC,LPN00351,F2J,Pii-BL-3-146-CC,,73,AVAL
20901,WMEC,LPN00352,F2K,Pii-BL-3-146-CC,,81,AVAL
20901,WMEC,LPN00353,F3A,Pii-BL-3-146-CC,,332,AVAL
20901,WMEC,LPN00354,F3B,C-RV-26-L,,4951,AVAL
20901,WMEC,LPN00355,F3C,C-RV-26-L,,8411,AVAL
20901,WMEC,LPN00356,F3D,C-RV-22-L,,2960,AVAL
20901,WMEC,LPN00357,F3E,C-RV-22-L,,4540,AVAL
20901,WMEC,LPN00358,F3F,RAW-0016-95,,7800,AVAL
20901,WMEC,LPN00359,F3G,50-RW-2,,54000,AVAL
20901,WMEC,LPN00360,F3H,PC-RE-ECOTECH,,98212.38,AVAL
20901,WMEC,LPN00361,F3I,RAW-0002-16,,5447,AVAL
20901,WMEC,LPN00362,F3J,RAW-0002-16,,1546,AVAL
20901,WMEC,LPN00363,F3K,Pii-SLV-3-51-CC,,200,AVAL
20901,WMEC,LPN00364,F4A,Pii-RD-3-161-CC,,558,AVAL
20901,WMEC,LPN00365,F4B,Pii-RD-3-161-CC,,158,AVAL
20901,WMEC,LPN00366,F4C,Pii-RD-3-161-CC,,42,AVAL
20901,WMEC,LPN00367,F4D,RAW-0016-96,,9002.8854,AVAL
20901,WMEC,LPN00368,F4E,RAW-0016-96,,2992.0801,AVAL
20901,WMEC,LPN00369,F4F,RAW-0016-96,,469.4147,AVAL
20901,WMEC,LPN00370,F4G,RAW-0016-96,,8.007,AVAL
20901,WMEC,LPN00371,F4H,RAW-0016-96,,5121.3589,AVAL
20901,WMEC,LPN00372,F4I,RAW-0010-31,,1.3081,AVAL
20901,WMEC,LPN00373,F4J,RAW-0010-31,,0.0247,AVAL
20901,WMEC,LPN00374,F4K,RAW-0010-31,,0.276,AVAL
20901,WMEC,LPN00375,F5A,RAW-0010-31,,0.1042,AVAL
20901,WMEC,LPN00376,F5B,RAW-0010-31,,2,AVAL
20901,WMEC,LPN00377,F5C,RAW-0010-31,,1.969,AVAL
20901,WMEC,LPN00378,F5D,RAW-0010-31,,2.5795,AVAL
20901,WMEC,LPN00379,F5E,RAW-0003-24,,0.004,AVAL
20901,WMEC,LPN00380,F5F,RAW-0003-24,,0.044,AVAL
20901,WMEC,LPN00381,F5G,RAW-0003-24,,0.006,AVAL
20901,WMEC,LPN00382,F5H,PCC-PUR-931585,,164.12,AVAL
20901,WMEC,LPN00383,F5I,CLA-RED-NC34676358,,306.8,AVAL
20901,WMEC,LPN00384,F5J,CLA-RED-NC34676358,,45.2,AVAL
20901,WMEC,LPN00385,F5K,CLA-CHA-NC74676472,,2,AVAL
20901,WMEC,LPN00386,F6A,CLA-CHA-NC74676472,,966,AVAL
20901,WMEC,LPN00387,F6B,Pii-SLV-3-61-CC,,300,AVAL
20901,WMEC,LPN00388,F6C,Pii-SLV-3-61-CC,,864,AVAL
20901,WMEC,LPN00389,F6D,RAW-0003-27,,0.086,AVAL
20901,WMEC,LPN00390,F6E,RAW-0003-27,,1.672,AVAL
20901,WMEC,LPN00391,F6F,RAW-0003-31,,1.296,AVAL
20901,WMEC,LPN00392,F6G,RAW-0003-31,,0.542,AVAL
20901,WMEC,LPN00393,F6H,RAW-0003-31,,0.018,AVAL
20901,WMEC,LPN00394,F6I,RAW-0003-31,,0.428,AVAL
20901,WMEC,LPN00395,F6J,RAW-0003-31,,0.032,AVAL
20901,WMEC,LPN00396,F6K,255-1,,135544.5117,AVAL
20901,WMEC,LPN00397,B1A,PP-RB-30,,102952,AVAL
20901,WMEC,LPN00398,B1B,PM111655,,548,AVAL
20901,WMEC,LPN00399,B1C,PM111655,,646,AVAL
20901,WMEC,LPN00400,B1D,PM111655,,1,AVAL
20901,WMEC,LPN00401,B1E,99036,,122,AVAL
20901,WMEC,LPN00402,B1F,PM67778,,12,AVAL
20901,WMEC,LPN00403,B1G,PM67778,,204,AVAL
20901,WMEC,LPN00404,B1H,PM67778,,17,AVAL
20901,WMEC,LPN00405,B1I,PM67776,,27,AVAL
20901,WMEC,LPN00406,B1J,PM67777,,127,AVAL
20901,WMEC,LPN00407,B1K,PM67777,,958,AVAL
20901,WMEC,LPN00408,B2A,99037,,462,AVAL
20901,WMEC,LPN00409,B2B,RAW-0006-15L,,26,AVAL
20901,WMEC,LPN00410,B2C,RAW-0006-15L,,134,AVAL
20901,WMEC,LPN00411,B2D,RAW-0006-15R,,25,AVAL
20901,WMEC,LPN00412,B2E,RAW-0018-15,,310,AVAL
20901,WMEC,LPN00413,B2F,RAW-0018-15,,168,AVAL
20901,WMEC,LPN00414,B2G,21512P-LA,,2854,AVAL
20901,WMEC,LPN00415,B2H,RAW-0022-05,,2407,AVAL
20901,WMEC,LPN00416,B2I,RAW-0022-05,,52,AVAL
20901,WMEC,LPN00417,B2J,RAW-0003-33,,0.084,AVAL
20901,WMEC,LPN00418,B2K,RAW-0010-32,,0.0112,AVAL
20901,WMEC,LPN00419,B3A,RAW-0010-32,,8.843,AVAL
20901,WMEC,LPN00420,B3B,RAW-0018-16,,351,AVAL
20901,WMEC,LPN00421,B3C,RAW-0018-16,,230,AVAL
20901,WMEC,LPN00422,B3D,RAW-0018-16,,34,AVAL
20901,WMEC,LPN00423,B3E,RAW-0018-16,,45,AVAL
20901,WMEC,LPN00424,B3F,RAW-0018-16,,22,AVAL
20901,WMEC,LPN00425,B3G,RAW-0020-05,,3,AVAL
20901,WMEC,LPN00426,B3H,RAW-0020-05,,157,AVAL
20901,WMEC,LPN00427,B3I,21512P-LG,,2854,AVAL
20901,WMEC,LPN00428,B3J,21512P-LBR,,2854,AVAL
20901,WMEC,LPN00429,B3K,21512P-LAR,,2854,AVAL
20901,WMEC,LPN00430,B4A,21512P-SBG,,2282,AVAL
20901,WMEC,LPN00431,B4B,21512P-SAG,,2282,AVAL
20901,WMEC,LPN00432,B4C,21512P-SBR,,2282,AVAL
20901,WMEC,LPN00433,B4D,21512P-SAR,,2282,AVAL
20901,WMEC,LPN00434,B4E,RAW-0018-17,,158,AVAL
20901,WMEC,LPN00435,B4F,RAW-0018-17,,1665,AVAL
20901,WMEC,LPN00436,B4G,RAW-0018-17,,22,AVAL
20901,WMEC,LPN00437,B4H,RAW-0018-17,,36,AVAL
20901,WMEC,LPN00438,B4I,CLA-BLK-NC94676207,,1297.16,AVAL
20901,WMEC,LPN00439,B4J,CLA-DK GRN MTLC-NC64676361,,449,AVAL
20901,WMEC,LPN00440,B4K,C-W-00020-04,,3168,AVAL
20901,WMEC,LPN00441,B5A,C-W-00020-04,,5807,AVAL
20901,WMEC,LPN00442,B5B,C-W-00020-25,,16048,AVAL
20901,WMEC,LPN00443,B5C,C-W-00020-25,,980,AVAL
20901,WMEC,LPN00444,B5D,C-W-00020-25,,55987,AVAL
20901,WMEC,LPN00445,B5E,C-W-00020-50,,3683,AVAL
20901,WMEC,LPN00446,B5F,C-W-00020-50,,2104,AVAL
20901,WMEC,LPN00447,B5G,C-W-00020-50,,7350,AVAL
20901,WMEC,LPN00448,B5H,RAW-0032-02,,500,AVAL
20901,WMEC,LPN00449,B5I,RAW-0032-03,,500,AVAL
20901,WMEC,LPN00450,B5J,Pii-GY-5-318-CC,,1235,AVAL
20901,WMEC,LPN00451,B5K,Pii-GY-5-318-CC,,58,AVAL
20901,WMEC,LPN00452,B6A,WP-00020-25,,9983,AVAL
20901,WMEC,LPN00453,B6B,PM49123,,440,AVAL
20901,WMEC,LPN00454,B6C,PM49123,,1637,AVAL
20901,WMEC,LPN00455,B6D,RAW-0005-44,,407,AVAL
20901,WMEC,LPN00456,B6E,RAW-0016-103,,9.04,AVAL
20901,WMEC,LPN00457,B6F,RAW-0020-07,,61,AVAL
20901,WMEC,LPN00458,B6G,RAW-0020-07,,22,AVAL
20901,WMEC,LPN00459,B6H,RAW-0020-07,,17,AVAL
20901,WMEC,LPN00460,B6I,RAW-0017-20L,,324,AVAL
20901,WMEC,LPN00461,B6J,RAW-0017-20L,,136,AVAL
20901,WMEC,LPN00462,B6K,RAW-0017-20L,,21,AVAL
20901,WMEC,LPN00463,F1A,RAW-0017-20L,,71,AVAL
20901,WMEC,LPN00464,F1B,RAW-0017-20R,,326,AVAL
20901,WMEC,LPN00465,F1C,RAW-0017-20R,,136,AVAL
20901,WMEC,LPN00466,F1D,RAW-0017-20R,,21,AVAL
20901,WMEC,LPN00467,F1E,RAW-0017-20R,,71,AVAL
20901,WMEC,LPN00468,F1F,RAW-0002-24,,338,AVAL
20901,WMEC,LPN00469,F1G,RAW-0002-24,,7462,AVAL
20901,WMEC,LPN00470,F1H,RAW-0002-25,,2202,AVAL
20901,WMEC,LPN00471,F1I,RAW-0025-07,,4986,AVAL
20901,WMEC,LPN00472,F1J,21535P-LAG,,55,AVAL
20901,WMEC,LPN00473,F1K,21535P-MG,,205,AVAL
20901,WMEC,LPN00474,F2A,21535P-MAG,,205,AVAL
20901,WMEC,LPN00475,F2B,21535P-MBR,,205,AVAL
20901,WMEC,LPN00476,F2C,21535P-MAR,,205,AVAL
20901,WMEC,LPN00477,F2D,21535P-SAG,,410,AVAL
20901,WMEC,LPN00478,F2E,RAW-0022-07,,78,AVAL
20901,WMEC,LPN00479,F2F,RAW-0022-07,,258,AVAL
20901,WMEC,LPN00480,F2G,0003-0042,,61443,AVAL
20901,WMEC,LPN00481,F2H,0003-0042,,160,AVAL
20901,WMEC,LPN00482,F2I,RAW-0005-45,,36,AVAL
20901,WMEC,LPN00483,F2J,RAW-0005-47,,505,AVAL
20901,WMEC,LPN00484,F2K,PM33153,,59.29641,AVAL
20901,WMEC,LPN00485,F3A,PM49273,,1665.72,AVAL
20901,WMEC,LPN00486,F3B,PM49273,,88.28,AVAL
20901,WMEC,LPN00487,F3C,PM49275,,1934,AVAL
20901,WMEC,LPN00488,F3D,PM511069,,580,AVAL
20901,WMEC,LPN00489,F3E,PM68409,,955.81936,AVAL
20901,WMEC,LPN00490,F3F,PM68409,,320.59,AVAL
20901,WMEC,LPN00491,F3G,PM68410,,299.01,AVAL
20901,WMEC,LPN00492,F3H,PM68412,,130.39,AVAL
20901,WMEC,LPN00493,F3I,PM68412,,250,AVAL
20901,WMEC,LPN00494,F3J,TPM90007,,150.91185,AVAL
20901,WMEC,LPN00495,F3K,LA7763446,,64,AVAL
20901,WMEC,LPN00496,F4A,LA7763446,,2,AVAL
20901,WMEC,LPN00497,F4B,PS773670,,19.04,AVAL
20901,WMEC,LPN00498,F4C,PS773610,,15,AVAL
20901,WMEC,LPN00499,F4D,PS773610,,51,AVAL
20901,WMEC,LPN00500,F4E,PS772100,,7.44,AVAL
20901,WMEC,LPN00501,F4F,PS772100,,58.56004,AVAL
20901,WMEC,LPN00502,F4G,PS775230,,52.40393,AVAL
20901,WMEC,LPN00503,F4H,PS775230,,8.0988,AVAL
20901,WMEC,LPN00504,F4I,RAW-0007-13,,10057,AVAL
20901,WMEC,LPN00505,F4J,RAW-0007-13,,536,AVAL
20901,WMEC,LPN00506,F4K,RAW-0007-13,,197,AVAL
20901,WMEC,LPN00507,F5A,RAW-0007-13,,70,AVAL
20901,WMEC,LPN00508,F5B,RAW-0007-13,,184,AVAL
20901,WMEC,LPN00509,F5C,RAW-MIUSA-STICKER,,6000,AVAL
20901,WMEC,LPN00510,F5D,LA7763463,,38.5,AVAL
20901,WMEC,LPN00511,F5E,LA7763465,,0.47436,AVAL
20901,WMEC,LPN00512,F5F,LA7763465,,0.61,AVAL
20901,WMEC,LPN00513,F5G,LA7763465,,31.91291,AVAL
20901,WMEC,LPN00514,F5H,LA7763467,,27.46,AVAL
20901,WMEC,LPN00515,F5I,LA7763467,,0.0359,AVAL
20901,WMEC,LPN00516,F5J,NC74676531,,23,AVAL
20901,WMEC,LPN00517,F5K,NC74676531,,685,AVAL
20901,WMEC,LPN00518,F6A,RAW-0008-13,,0.672,AVAL
20901,WMEC,LPN00519,F6B,PC-WASTE-GENERAL,,33819.07,AVAL
20901,WMEC,LPN00520,F6C,PC-WASTE-BLUE,,1093,AVAL
20901,WMEC,LPN00521,F6D,PC-WASTE-TEAL,,2108,AVAL
20901,WMEC,LPN00522,F6E,PC-WASTE-BLACK,,205,AVAL
20901,WMEC,LPN00523,F6F,RAW-MIUSA-HT-LARGE,,17830,AVAL
20901,WMEC,LPN00524,F6G,RAW-MIUSA-HT-SMALL,,9852,AVAL
20901,WMEC,LPN00525,F6H,RAW-0002-30,,2480,AVAL
20901,WMEC,LPN00526,F6I,21877P-S2,,647,AVAL
20901,WMEC,LPN00527,F6J,21877P-S2,,673,AVAL
20901,WMEC,LPN00528,F6K,21877P-L2,,44,AVAL
20901,WMEC,LPN00529,B1A,21877P-SAR,,993,AVAL
20901,WMEC,LPN00530,B1B,21877P-SBR,,7,AVAL
20901,WMEC,LPN00531,B1C,21877P-SBR,,593,AVAL
20901,WMEC,LPN00532,B1D,21877P-SG,,736,AVAL
20901,WMEC,LPN00533,B1E,21877P-LAR,,74,AVAL
20901,WMEC,LPN00534,B1F,21877P-LBR,,24,AVAL
20901,WMEC,LPN00535,B1G,21877P-LG,,58,AVAL
20901,WMEC,LPN00536,B1H,RAW-0011-057,,624,AVAL
20901,WMEC,LPN00537,B1I,RAW-0011-057,,859,AVAL
20901,WMEC,LPN00538,B1J,RAW-0011-058,,291,AVAL
20901,WMEC,LPN00539,B1K,RAW-0011-058,,1314,AVAL
20901,WMEC,LPN00540,B2A,RAW-0011-058,,1024,AVAL
20901,WMEC,LPN00541,B2B,RAW-0012-37,,393,AVAL
20901,WMEC,LPN00542,B2C,RAW-0012-37,,1300,AVAL
20901,WMEC,LPN00543,B2D,RAW-0012-38,,105,AVAL
20901,WMEC,LPN00544,B2E,RAW-0012-38,,1295,AVAL
20901,WMEC,LPN00545,B2F,RAW-0012-39,,468,AVAL
20901,WMEC,LPN00546,B2G,RAW-0012-40,,1030,AVAL
20901,WMEC,LPN00547,B2H,RAW-0012-40,,200,AVAL
20901,WMEC,LPN00548,B2I,RAW-0012-41,,215,AVAL
20901,WMEC,LPN00549,B2J,RAW-0012-41,,1000,AVAL
20901,WMEC,LPN00550,B2K,RAW-0011-060,,5,AVAL
20901,WMEC,LPN00551,B3A,RAW-0011-060,,1045,AVAL
20901,WMEC,LPN00552,B3B,RAW-0011-061,,323,AVAL
20901,WMEC,LPN00553,B3C,RAW-0011-062,,690,AVAL
20901,WMEC,LPN00554,B3D,RAW-0011-063,,30,AVAL
20901,WMEC,LPN00555,B3E,RAW-0011-063,,750,AVAL
20901,WMEC,LPN00556,B3F,RAW-0011-064,,1195,AVAL
20901,WMEC,LPN00557,B3G,RAW-0011-064,,948,AVAL
20901,WMEC,LPN00558,B3H,RAW-0011-065,,138,AVAL
20901,WMEC,LPN00559,B3I,RAW-0011-065,,664,AVAL
20901,WMEC,LPN00560,B3J,RAW-0011-065,,950,AVAL
20901,WMEC,LPN00561,B3K,RAW-0011-068,,250,AVAL
20901,WMEC,LPN00562,B4A,RAW-0011-068,,750,AVAL
20901,WMEC,LPN00563,B4B,PS773750,,0.05,AVAL
20901,WMEC,LPN00564,B4C,PS773750,,38.45212,AVAL
20901,WMEC,LPN00565,B4D,PS772945,,55.00107,AVAL
20901,WMEC,LPN00566,B4E,PPM68377,,140,AVAL
20901,WMEC,LPN00567,B4F,PPM68377,,130,AVAL
20901,WMEC,LPN00568,B4G,PPM511036,,411.08,AVAL
20901,WMEC,LPN00569,B4H,PPM511036,,98.69,AVAL
20901,WMEC,LPN00570,B4I,PPM511036,,427,AVAL
20901,WMEC,LPN00571,B4J,PPM68379,,460,AVAL
20901,WMEC,LPN00572,B4K,PPM68379,,13,AVAL
20901,WMEC,LPN00573,B5A,PPM68379,,1.74,AVAL
20901,WMEC,LPN00574,B5B,PPM511037,,141.55,AVAL
20901,WMEC,LPN00575,B5C,PPM511037,,55.65,AVAL
20901,WMEC,LPN00576,B5D,PPM511037,,47.48,AVAL
20901,WMEC,LPN00577,B5E,PPM49549,,40,AVAL
20901,WMEC,LPN00578,B5F,PPM49549,,159,AVAL
20901,WMEC,LPN00579,B5G,TPM11034E63,,20.69,AVAL
20901,WMEC,LPN00580,B5H,C-MI-30-L,,1595,AVAL
20901,WMEC,LPN00581,B5I,C-MI-30-L,,479,AVAL
20901,WMEC,LPN00582,B5J,C-MI-22-L,,8684,AVAL
20901,WMEC,LPN00583,B5K,RAW-0005-51,,3,AVAL
20901,WMEC,LPN00584,B6A,RAW-0020-08,,9,AVAL
20901,WMEC,LPN00585,B6B,RAW-0020-08,,166,AVAL
20901,WMEC,LPN00586,B6C,RAW-0017-23L,,3576,AVAL
20901,WMEC,LPN00587,B6D,RAW-0017-23L,,4045,AVAL
20901,WMEC,LPN00588,B6E,RAW-0017-23R,,3576,AVAL
20901,WMEC,LPN00589,B6F,RAW-0017-23R,,4141,AVAL
20901,WMEC,LPN00590,B6G,COOL5207,,796,AVAL
20901,WMEC,LPN00591,B6H,COOL5202,,428,AVAL
20901,WMEC,LPN00592,B6I,COOL5204,,753,AVAL
20901,WMEC,LPN00593,B6J,COOL5200,,103,AVAL
20901,WMEC,LPN00594,B6K,COOL5203,,863,AVAL
20901,WMEC,LPN00595,F1A,COOL5205,,157,AVAL
20901,WMEC,LPN00596,F1B,RAW-0005-56,,2137,AVAL
20901,WMEC,LPN00597,F1C,RAW-0005-56,,5,AVAL
20901,WMEC,LPN00598,F1D,RAW-0005-55,,1774,AVAL
20901,WMEC,LPN00599,F1E,RAW-0005-55,,146,AVAL
20901,WMEC,LPN00600,F1F,PM49274,,248,AVAL
20901,WMEC,LPN00601,F1G,TICA15157C1,,0.4,AVAL
20901,WMEC,LPN00602,F1H,TICA15157C1,,3.2422,AVAL
20901,WMEC,LPN00603,F1I,RAW-0006-19L,,5244,AVAL
20901,WMEC,LPN00604,F1J,RAW-0006-19L,,104,AVAL
20901,WMEC,LPN00605,F1K,RAW-0006-19R,,5052,AVAL
20901,WMEC,LPN00606,F2A,RAW-0006-19R,,104,AVAL
20901,WMEC,LPN00607,F2B,RAW-REVOHANGTAG-21535,,3600,AVAL
20901,WMEC,LPN00608,F2C,5QT-ES2018-PINK-BUCKET,,7056,AVAL
20901,WMEC,LPN00609,F2D,5QT-ES2018-ROSE-BUCKET,,792,AVAL
20901,WMEC,LPN00610,F2E,5QT-ES2018-ROSE-BUCKET,,9792,AVAL
20901,WMEC,LPN00611,F2F,5QT-ES2018-GREEN-BUCKET,,8880,AVAL
20901,WMEC,LPN00612,F2G,5QT-ES2018-CAMO-BUCKET,,9864,AVAL
20901,WMEC,LPN00613,F2H,5QT-ES2018-SEA-BUCKET,,3240,AVAL
20901,WMEC,LPN00614,F2I,5QT-ES2018-PURPLE-BUCKET,,8998,AVAL
20901,WMEC,LPN00615,F2J,5QT-ES2018-NAVY-HANDLE,,2796,AVAL
20901,WMEC,LPN00616,F2K,5QT-ES2018-GREEN-HANDLE,,51250,AVAL
20901,WMEC,LPN00617,F3A,RAW-0008-14,,1.286,AVAL
20901,WMEC,LPN00618,F3B,RAW-0008-14,,0.284,AVAL
20901,WMEC,LPN00619,F3C,RAW-0008-15,,0.012,AVAL
20901,WMEC,LPN00620,F3D,RAW-0008-15,,0.128,AVAL
20901,WMEC,LPN00621,F3E,RAW-0008-15,,0.262,AVAL
20901,WMEC,LPN00622,F3F,RAW-0008-15,,0.784,AVAL
20901,WMEC,LPN00623,F3G,PM68580,,762,AVAL
20901,WMEC,LPN00624,F3H,PM49345,,30,AVAL
20901,WMEC,LPN00625,F3I,RAW-0011-52,,295,AVAL
20901,WMEC,LPN00626,F3J,RAW-0011-52,,4886,AVAL
20901,WMEC,LPN00627,F3K,RAW-0028-03,,12.89,AVAL
20901,WMEC,LPN00628,F4A,RAW-0028-03,,5077.11,AVAL
20901,WMEC,LPN00629,F4B,E31-002-001-005,,5252.99605,AVAL
20901,WMEC,LPN00630,F4C,E31-002-001-005,,6000,AVAL
20901,WMEC,LPN00631,F4D,E40-002-001-001,,11792,AVAL
20901,WMEC,LPN00632,F4E,E40-002-002-004,,24692,AVAL
20901,WMEC,LPN00633,F4F,RAW-0002-31,,155,AVAL
20901,WMEC,LPN00634,F4G,E31-002-001-003,,11.19,AVAL
20901,WMEC,LPN00635,F4H,E31-002-001-003,,257.07,AVAL
20901,WMEC,LPN00636,F4I,E31-002-001-003,,462.28,AVAL
20901,WMEC,LPN00637,F4J,E30-003-001-001,,549,AVAL
20901,WMEC,LPN00638,F4K,E31-002-001-001,,90,AVAL
20901,WMEC,LPN00639,F5A,E32-001-001,,0.0001,AVAL
20901,WMEC,LPN00640,F5B,E32-001-001,,1.20239,AVAL
20901,WMEC,LPN00641,F5C,E32-001-001,,14.237,AVAL
20901,WMEC,LPN00642,F5D,E32-001-001,,55,AVAL
20901,WMEC,LPN00643,F5E,E32-001-001,,11,AVAL
20901,WMEC,LPN00644,F5F,E32-001-001,,44,AVAL
20901,WMEC,LPN00645,F5G,E32-001-001,,44.6114,AVAL
20901,WMEC,LPN00646,F5H,E30-002-001-090,,5.12,AVAL
20901,WMEC,LPN00647,F5I,E30-002-001-090,,53,AVAL
20901,WMEC,LPN00648,F5J,E30-001-003-081,,119,AVAL
20901,WMEC,LPN00649,F5K,RAW-0017-25,,40,AVAL
20901,WMEC,LPN00650,F6A,E32-001-002,,0.07703,AVAL
20901,WMEC,LPN00651,F6B,ENGAGEWS,,20511.41,AVAL
20901,WMEC,LPN00652,F6C,19320P-LA,,2048,AVAL
20901,WMEC,LPN00653,F6D,19320P-LG,,2048,AVAL
20901,WMEC,LPN00654,F6E,19320P-LBR,,2048,AVAL
20901,WMEC,LPN00655,F6F,19320P-LAR,,2048,AVAL
20901,WMEC,LPN00656,F6G,19320P-MA,,42,AVAL
20901,WMEC,LPN00657,F6H,19320P-MA,,1668,AVAL
20901,WMEC,LPN00658,F6I,19320P-MG,,42,AVAL
20901,WMEC,LPN00659,F6J,19320P-MG,,1668,AVAL
20901,WMEC,LPN00660,F6K,19320P-MBR,,42,AVAL
20901,WMEC,LPN00661,B1A,19320P-MBR,,1668,AVAL
20901,WMEC,LPN00662,B1B,19320P-MAR,,42,AVAL
20901,WMEC,LPN00663,B1C,19320P-MAR,,1668,AVAL
20901,WMEC,LPN00664,B1D,19320P-SBG,,69,AVAL
20901,WMEC,LPN00665,B1E,19320P-SBG,,655,AVAL
20901,WMEC,LPN00666,B1F,19320P-SAG,,69,AVAL
20901,WMEC,LPN00667,B1G,19320P-SAG,,655,AVAL
20901,WMEC,LPN00668,B1H,19320P-SBR,,69,AVAL
20901,WMEC,LPN00669,B1I,19320P-SBR,,655,AVAL
20901,WMEC,LPN00670,B1J,19320P-SAR,,69,AVAL
20901,WMEC,LPN00671,B1K,19320P-SAR,,655,AVAL
20901,WMEC,LPN00672,B2A,RAW-0005-58,,565,AVAL
20901,WMEC,LPN00673,B2B,RAW-0005-59,,343,AVAL
20901,WMEC,LPN00674,B2C,RAW-0005-60,,52,AVAL
20901,WMEC,LPN00675,B2D,RAW-0005-62,,381,AVAL
20901,WMEC,LPN00676,B2E,RAW-0005-62,,15,AVAL
20901,WMEC,LPN00677,B2F,RAW-0005-62,,150,AVAL
20901,WMEC,LPN00678,B2G,RAW-0005-63,,175,AVAL
20901,WMEC,LPN00679,B2H,RAW-0005-64,,105,AVAL
20901,WMEC,LPN00680,B2I,RAW-0005-65,,383,AVAL
20901,WMEC,LPN00681,B2J,RAW-0005-66,,332,AVAL
20901,WMEC,LPN00682,B2K,RAW-0005-67,,326,AVAL
20901,WMEC,LPN00683,B3A,RAW-0005-68,,308,AVAL
20901,WMEC,LPN00684,B3B,RAW-0005-69,,41,AVAL
20901,WMEC,LPN00685,B3C,RAW-0005-69,,500,AVAL
20901,WMEC,LPN00686,B3D,RAW-0005-71,,273,AVAL
20901,WMEC,LPN00687,B3E,RAW-0005-72,,287,AVAL
20901,WMEC,LPN00688,B3F,RAW-0005-73,,14,AVAL
20901,WMEC,LPN00689,B3G,RAW-0005-76,,296,AVAL
20901,WMEC,LPN00690,B3H,RAW-0005-77,,120,AVAL
20901,WMEC,LPN00691,B3I,RAW-0005-78,,486,AVAL
20901,WMEC,LPN00692,B3J,RAW-0005-79,,4,AVAL
20901,WMEC,LPN00693,B3K,RAW-0005-79,,307,AVAL
20901,WMEC,LPN00694,B4A,RAW-0005-80,,2,AVAL
20901,WMEC,LPN00695,B4B,RAW-0005-80,,226,AVAL
20901,WMEC,LPN00696,B4C,RAW-0005-81,,5,AVAL
20901,WMEC,LPN00697,B4D,RAW-0005-81,,18,AVAL
20901,WMEC,LPN00698,B4E,RAW-0007-16,,488,AVAL
20901,WMEC,LPN00699,B4F,RAW-0007-17,,98,AVAL
20901,WMEC,LPN00700,B4G,RAW-0007-17,,1159,AVAL
20901,WMEC,LPN00701,B4H,RAW-0008-17,,0.15,AVAL
20901,WMEC,LPN00702,B4I,RAW-0008-18,,0.19,AVAL
20901,WMEC,LPN00703,B4J,RAW-0008-21,,0.17,AVAL
20901,WMEC,LPN00704,B4K,RAW-0008-21,,0.62,AVAL
20901,WMEC,LPN00705,B5A,RAW-0020-92,,112,AVAL
20901,WMEC,LPN00706,B5B,RAW-0020-93,,25,AVAL
20901,WMEC,LPN00707,B5C,RAW-0020-94,,681,AVAL
20901,WMEC,LPN00708,B5D,RAW-0020-94,,241,AVAL
20901,WMEC,LPN00709,B5E,RAW-0020-95,,94,AVAL
20901,WMEC,LPN00710,B5F,RAW-0020-96,,203,AVAL
20901,WMEC,LPN00711,B5G,RAW-0020-96,,105,AVAL
20901,WMEC,LPN00712,B5H,RAW-0020-96,,101,AVAL
20901,WMEC,LPN00713,B5I,RAW-0020-97,,15,AVAL
20901,WMEC,LPN00714,B5J,RAW-0020-97,,243,AVAL
20901,WMEC,LPN00715,B5K,RAW-0020-100,,103,AVAL
20901,WMEC,LPN00716,B6A,RAW-0020-100,,25,AVAL
20901,WMEC,LPN00717,B6B,RAW-0020-101,,42,AVAL
20901,WMEC,LPN00718,B6C,RAW-0020-101,,61,AVAL
20901,WMEC,LPN00719,B6D,RAW-0020-102,,7,AVAL
20901,WMEC,LPN00720,B6E,RAW-0020-102,,150,AVAL
20901,WMEC,LPN00721,B6F,RAW-0020-102,,65,AVAL
20901,WMEC,LPN00722,B6G,RAW-0020-103,,13,AVAL
20901,WMEC,LPN00723,B6H,RAW-0020-103,,1,AVAL
20901,WMEC,LPN00724,B6I,RAW-0020-103,,65,AVAL
20901,WMEC,LPN00725,B6J,RAW-0017-26,,3410,AVAL
20901,WMEC,LPN00726,B6K,RAW-0017-27,,2606,AVAL
20901,WMEC,LPN00727,F1A,RAW-0016-105,,0.14,AVAL
20901,WMEC,LPN00728,F1B,RAW-0016-105,,0.1,AVAL
20901,WMEC,LPN00729,F1C,RAW-0016-107,,0.02,AVAL
20901,WMEC,LPN00730,F1D,RAW-0016-108,,95.565,AVAL
20901,WMEC,LPN00731,F1E,RAW-0016-113,,0.607,AVAL
20901,WMEC,LPN00732,F1F,RAW-0016-113,,36.67,AVAL
20901,WMEC,LPN00733,F1G,RAW-0016-113,,874.182,AVAL
20901,WMEC,LPN00734,F1H,RAW-0016-114,,0.18,AVAL
20901,WMEC,LPN00735,F1I,RAW-0016-115,,0.07,AVAL
20901,WMEC,LPN00736,F1J,RAW-0016-115,,0.41,AVAL
20901,WMEC,LPN00737,F1K,RAW-0016-121,,0.05,AVAL
20901,WMEC,LPN00738,F2A,RAW-0016-122,,634,AVAL
20901,WMEC,LPN00739,F2B,RAW-0016-124,,0.12,AVAL
20901,WMEC,LPN00740,F2C,RAW-0016-126,,825.022,AVAL
20901,WMEC,LPN00741,F2D,RAW-0016-128,,0.16,AVAL
20901,WMEC,LPN00742,F2E,RAW-0010-34,,14.068,AVAL
20901,WMEC,LPN00743,F2F,RAW-0010-35,,0.376,AVAL
20901,WMEC,LPN00744,F2G,RAW-0010-35,,12.178,AVAL
20901,WMEC,LPN00745,F2H,RAW-0018-18,,828,AVAL
20901,WMEC,LPN00746,F2I,RAW-0018-18,,1734,AVAL
20901,WMEC,LPN00747,F2J,RAW-0018-18,,1000,AVAL
20901,WMEC,LPN00748,F2K,RAW-0018-19,,2343,AVAL
20901,WMEC,LPN00749,F3A,RAW-0010-39,,0.1118,AVAL
20901,WMEC,LPN00750,F3B,RAW-0010-39,,0.8641,AVAL
20901,WMEC,LPN00751,F3C,RAW-0010-39,,1,AVAL
20901,WMEC,LPN00752,F3D,PBK#21684-LG,,112,AVAL
20901,WMEC,LPN00753,F3E,PBK#21684-LG,,783,AVAL
20901,WMEC,LPN00754,F3F,PBK#21684-LBR,,110,AVAL
20901,WMEC,LPN00755,F3G,PBK#21684-LBR,,783,AVAL
20901,WMEC,LPN00756,F3H,PBK#21684-LAR,,110,AVAL
20901,WMEC,LPN00757,F3I,PBK#21684-LAR,,783,AVAL
20901,WMEC,LPN00758,F3J,PBK#21684-SG,,949,AVAL
20901,WMEC,LPN00759,F3K,PBK#21684-SBR,,1,AVAL
20901,WMEC,LPN00760,F4A,PBK#21684-SBR,,948,AVAL
20901,WMEC,LPN00761,F4B,PBK#21684-SAR,,1,AVAL
20901,WMEC,LPN00762,F4C,PBK#21684-SAR,,948,AVAL
20901,WMEC,LPN00763,F4D,PBK#21684-L2,,205,AVAL
20901,WMEC,LPN00764,F4E,PBK#21684-L2,,699,AVAL
20901,WMEC,LPN00765,F4F,PBK#21684-S2,,933,AVAL
20901,WMEC,LPN00766,F4G,RAW-0005-82,,42,AVAL
20901,WMEC,LPN00767,F4H,RAW-0005-83,,451,AVAL
20901,WMEC,LPN00768,F4I,RAW-0005-83,,48,AVAL
20901,WMEC,LPN00769,F4J,RAW-0005-84,,105,AVAL
20901,WMEC,LPN00770,F4K,RAW-0005-85,,71,AVAL
20901,WMEC,LPN00771,F5A,RAW-0005-86,,2,AVAL
20901,WMEC,LPN00772,F5B,RAW-0005-86,,97,AVAL
20901,WMEC,LPN00773,F5C,RAW-0005-87,,2,AVAL
20901,WMEC,LPN00774,F5D,RAW-0005-87,,81,AVAL
20901,WMEC,LPN00775,F5E,RAW-0005-88,,148,AVAL
20901,WMEC,LPN00776,F5F,RAW-0005-89,,148,AVAL
20901,WMEC,LPN00777,F5G,RAW-0005-90,,101,AVAL
20901,WMEC,LPN00778,F5H,RAW-0005-91,,20,AVAL
20901,WMEC,LPN00779,F5I,RAW-0005-92,,55,AVAL
20901,WMEC,LPN00780,F5J,RAW-0005-93,,36,AVAL
20901,WMEC,LPN00781,F5K,RAW-0005-94,,47,AVAL
20901,WMEC,LPN00782,F6A,RAW-0005-95,,128,AVAL
20901,WMEC,LPN00783,F6B,RAW-0005-96,,113,AVAL
20901,WMEC,LPN00784,F6C,RAW-0008-23,,2.3,AVAL
20901,WMEC,LPN00785,F6D,RAW-0007-21,,144,AVAL
20901,WMEC,LPN00786,F6E,RAW-0007-21,,400,AVAL
20901,WMEC,LPN00787,F6F,RAW-0007-22,,7,AVAL
20901,WMEC,LPN00788,F6G,RAW-0007-22,,7,AVAL
20901,WMEC,LPN00789,F6H,RAW-0007-23,,5,AVAL
20901,WMEC,LPN00790,F6I,RAW-0007-23,,477,AVAL
20901,WMEC,LPN00791,F6J,RAW-0007-24,,18,AVAL
20901,WMEC,LPN00792,F6K,RAW-0007-24,,143,AVAL
20901,WMEC,LPN00793,B1A,RAW-0007-25,,428,AVAL
20901,WMEC,LPN00794,B1B,RAW-0020-104,,199,AVAL
20901,WMEC,LPN00795,B1C,RAW-0020-104,,100,AVAL
20901,WMEC,LPN00796,B1D,RAW-0020-105,,320,AVAL
20901,WMEC,LPN00797,B1E,RAW-0020-105,,120,AVAL
20901,WMEC,LPN00798,B1F,RAW-0020-106,,197,AVAL
20901,WMEC,LPN00799,B1G,RAW-0020-107,,114,AVAL
20901,WMEC,LPN00800,B1H,RAW-0020-107,,171,AVAL
20901,WMEC,LPN00801,B1I,RAW-0020-107,,150,AVAL
20901,WMEC,LPN00802,B1J,RAW-0020-108,,91,AVAL
20901,WMEC,LPN00803,B1K,RAW-0020-108,,150,AVAL
20901,WMEC,LPN00804,B2A,RAW-0020-109,,193,AVAL
20901,WMEC,LPN00805,B2B,RAW-0020-110,,306,AVAL
20901,WMEC,LPN00806,B2C,RAW-0020-111,,3,AVAL
20901,WMEC,LPN00807,B2D,RAW-0020-111,,120,AVAL
20901,WMEC,LPN00808,B2E,RAW-0020-112,,2,AVAL
20901,WMEC,LPN00809,B2F,RAW-0020-112,,176,AVAL
20901,WMEC,LPN00810,B2G,RAW-0020-113,,1,AVAL
20901,WMEC,LPN00811,B2H,RAW-0020-113,,127,AVAL
20901,WMEC,LPN00812,B2I,RAW-0020-114,,175,AVAL
20901,WMEC,LPN00813,B2J,RAW-0017-28,,1096,AVAL
20901,WMEC,LPN00814,B2K,RAW-0016-133,,827.43,AVAL
20901,WMEC,LPN00815,B3A,RAW-0016-133,,69,AVAL
20901,WMEC,LPN00816,B3B,RAW-0016-133,,360,AVAL
20901,WMEC,LPN00817,B3C,RAW-0016-133,,522,AVAL
20901,WMEC,LPN00818,B3D,RAW-0016-135,,257.24,AVAL
20901,WMEC,LPN00819,B3E,RAW-0016-135,,0.16,AVAL
20901,WMEC,LPN00820,B3F,RAW-0016-138,,2215.677,AVAL
20901,WMEC,LPN00821,B3G,RAW-0016-139,,10.26,AVAL
20901,WMEC,LPN00822,B3H,RAW-0016-141,,0.03,AVAL
20901,WMEC,LPN00823,B3I,RAW-0016-141,,2.06,AVAL
20901,WMEC,LPN00824,B3J,RAW-0016-142,,0.05,AVAL
20901,WMEC,LPN00825,B3K,RAW-0016-142,,3.15,AVAL
20901,WMEC,LPN00826,B4A,RAW-0016-143,,36.985,AVAL
20901,WMEC,LPN00827,B4B,RAW-0016-143,,538.694,AVAL
20901,WMEC,LPN00828,B4C,RAW-0016-144,,0.08,AVAL
20901,WMEC,LPN00829,B4D,RAW-0016-144,,2.48,AVAL
20901,WMEC,LPN00830,B4E,RAW-0016-145,,0.05,AVAL
20901,WMEC,LPN00831,B4F,RAW-0016-145,,0.5,AVAL
20901,WMEC,LPN00832,B4G,RAW-0016-146,,0.73,AVAL
20901,WMEC,LPN00833,B4H,RAW-0006-51L,,24,AVAL
20901,WMEC,LPN00834,B4I,RAW-0006-51R,,12,AVAL
20901,WMEC,LPN00835,B4J,RAW-0006-20L,,2,AVAL
20901,WMEC,LPN00836,B4K,RAW-0006-20L,,44,AVAL
20901,WMEC,LPN00837,B5A,RAW-0006-20R,,2,AVAL
20901,WMEC,LPN00838,B5B,RAW-0006-20R,,44,AVAL
20901,WMEC,LPN00839,B5C,RAW-0006-21L,,292,AVAL
20901,WMEC,LPN00840,B5D,RAW-0006-21L,,2000,AVAL
20901,WMEC,LPN00841,B5E,RAW-0006-21R,,292,AVAL
20901,WMEC,LPN00842,B5F,RAW-0006-21R,,2000,AVAL
20901,WMEC,LPN00843,B5G,RAW-0006-22L,,37,AVAL
20901,WMEC,LPN00844,B5H,RAW-0006-22R,,37,AVAL
20901,WMEC,LPN00845,B5I,RAW-0006-25L,,8,AVAL
20901,WMEC,LPN00846,B5J,RAW-0006-25L,,123,AVAL
20901,WMEC,LPN00847,B5K,RAW-0006-25R,,8,AVAL
20901,WMEC,LPN00848,B6A,RAW-0006-25R,,123,AVAL
20901,WMEC,LPN00849,B6B,RAW-0006-29L,,8,AVAL
20901,WMEC,LPN00850,B6C,RAW-0006-29L,,349,AVAL
20901,WMEC,LPN00851,B6D,RAW-0006-29R,,8,AVAL
20901,WMEC,LPN00852,B6E,RAW-0006-29R,,349,AVAL
20901,WMEC,LPN00853,B6F,RAW-0006-40L,,32,AVAL
20901,WMEC,LPN00854,B6G,RAW-0006-40L,,180,AVAL
20901,WMEC,LPN00855,B6H,RAW-0006-40L,,14,AVAL
20901,WMEC,LPN00856,B6I,RAW-0006-40R,,32,AVAL
20901,WMEC,LPN00857,B6J,RAW-0006-40R,,180,AVAL
20901,WMEC,LPN00858,B6K,RAW-0006-40R,,14,AVAL
20901,WMEC,LPN00859,F1A,RAW-0006-45,,570,AVAL
20901,WMEC,LPN00860,F1B,RAW-0006-46,,301,AVAL
20901,WMEC,LPN00861,F1C,RAW-0006-46,,200,AVAL
20901,WMEC,LPN00862,F1D,RAW-0006-47,,558,AVAL
20901,WMEC,LPN00863,F1E,RAW-0006-48,,1854,AVAL
20901,WMEC,LPN00864,F1F,RAW-0006-49,,16,AVAL
20901,WMEC,LPN00865,F1G,RAW-0006-49,,580,AVAL
20901,WMEC,LPN00866,F1H,RAW-0006-50,,1782,AVAL
20901,WMEC,LPN00867,F1I,RAW-0016-147,,129.663,AVAL
20901,WMEC,LPN00868,F1J,RAW-0016-147,,1389.347,AVAL
20901,WMEC,LPN00869,F1K,RAW-0010-40,,0.138,AVAL
20901,WMEC,LPN00870,F2A,RAW-0010-40,,2.486,AVAL
20901,WMEC,LPN00871,F2B,RAW-0010-40,,2.782,AVAL
20901,WMEC,LPN00872,F2C,RAW-0010-41,,16.983,AVAL
20901,WMEC,LPN00873,F2D,RAW-0010-42,,0.107,AVAL
20901,WMEC,LPN00874,F2E,RAW-0010-42,,3.696,AVAL
20901,WMEC,LPN00875,F2F,RAW-0010-43,,10.168,AVAL
20901,WMEC,LPN00876,F2G,RAW-0018-20,,238,AVAL
20901,WMEC,LPN00877,F2H,PBT#22476-LG,,52,AVAL
20901,WMEC,LPN00878,F2I,PBT#22476-LBR,,60,AVAL
20901,WMEC,LPN00879,F2J,PBT#22476-LAR,,52,AVAL
20901,WMEC,LPN00880,F2K,PBT#22476-SG,,259,AVAL
20901,WMEC,LPN00881,F3A,PBT#22476-SBR,,217,AVAL
20901,WMEC,LPN00882,F3B,PBT#22476-SAR,,207,AVAL
20901,WMEC,LPN00883,F3C,PBT#22476-L2,,58,AVAL
20901,WMEC,LPN00884,F3D,PBT#22476-S2,,262,AVAL
20901,WMEC,LPN00885,F3E,RAW-0016-151,,6.38,AVAL
20901,WMEC,LPN00886,F3F,RAW-0016-152,,1.24,AVAL
20901,WMEC,LPN00887,F3G,RAW-0016-153,,1.95,AVAL
20901,WMEC,LPN00888,F3H,RAW-0011-54,,451,AVAL
20901,WMEC,LPN00889,F3I,RAW-0011-55,,197,AVAL
20901,WMEC,LPN00890,F3J,RAW-0011-55,,193,AVAL
20901,WMEC,LPN00891,F3K,RAW-0011-56,,465,AVAL
20901,WMEC,LPN00892,F4A,RAW-0011-57,,2,AVAL
20901,WMEC,LPN00893,F4B,RAW-0011-57,,4,AVAL
20901,WMEC,LPN00894,F4C,RAW-0011-57,,65,AVAL
20901,WMEC,LPN00895,F4D,RAW-0011-57,,75,AVAL
20901,WMEC,LPN00896,F4E,RAW-0011-57,,400,AVAL
20901,WMEC,LPN00897,F4F,RAW-0028-04,,12.6,AVAL
20901,WMEC,LPN00898,F4G,RAW-0028-04,,0.07,AVAL
20901,WMEC,LPN00899,F4H,RAW-0028-04,,0.08,AVAL
20901,WMEC,LPN00900,F4I,RAW-0028-04,,1.96,AVAL
20901,WMEC,LPN00901,F4J,RAW-0028-04,,0.96,AVAL
20901,WMEC,LPN00902,F4K,RAW-0028-04,,29.94,AVAL
20901,WMEC,LPN00903,F5A,RAW-0025-12,,637,AVAL
20901,WMEC,LPN00904,F5B,RAW-0030-09,,0.5,AVAL
20901,WMEC,LPN00905,F5C,RAW-0030-09,,151.25,AVAL
20901,WMEC,LPN00906,F5D,RAW-0030-10,,156.13,AVAL
20901,WMEC,LPN00907,F5E,RAW-0030-11,,0.6,AVAL
20901,WMEC,LPN00908,F5F,RAW-0030-11,,35.51,AVAL
20901,WMEC,LPN00909,F5G,RAW-0030-13,,3.5,AVAL
20901,WMEC,LPN00910,F5H,RAW-0030-14,,2.5,AVAL
20901,WMEC,LPN00911,F5I,RAW-0030-14,,50,AVAL
20901,WMEC,LPN00912,F5J,RAW-0030-14,,110,AVAL
20901,WMEC,LPN00913,F5K,RAW-0030-17,,2.5,AVAL
20901,WMEC,LPN00914,F6A,RAW-0030-17,,182.1,AVAL
20901,WMEC,LPN00915,F6B,RAW-0030-19,,15.29,AVAL
20901,WMEC,LPN00916,F6C,RAW-0030-19,,115.12,AVAL
20901,WMEC,LPN00917,F6D,RAW-0011-58,,1734.89,AVAL
20901,WMEC,LPN00918,F6E,RAW-0011-58,,1.12,AVAL
20901,WMEC,LPN00919,F6F,RAW-0011-58,,0.15,AVAL
20901,WMEC,LPN00920,F6G,RAW-0011-58,,9.51,AVAL
20901,WMEC,LPN00921,F6H,RAW-0011-58,,19.17,AVAL
20901,WMEC,LPN00922,F6I,RAW-0011-59,,53838,AVAL
20901,WMEC,LPN00923,F6J,RAW-0032-04,,4,AVAL
20901,WMEC,LPN00924,F6K,RAW-0032-04,,4,AVAL
20901,WMEC,LPN00925,B1A,RAW-0032-04,,186,AVAL
20901,WMEC,LPN00926,B1B,RAW-0032-05,,13,AVAL
20901,WMEC,LPN00927,B1C,RAW-0032-07,,67,AVAL
20901,WMEC,LPN00928,B1D,RAW-0032-07,,823,AVAL
20901,WMEC,LPN00929,B1E,RAW-0032-06,,841,AVAL
20901,WMEC,LPN00930,B1F,E32-003-001-009,,120.8744,AVAL
20901,WMEC,LPN00931,B1G,E32-003-001-009,,0.7356,AVAL
20901,WMEC,LPN00932,B1H,RAW-0011-62,,0.996,AVAL
20901,WMEC,LPN00933,B1I,RAW-0011-62,,2153,AVAL
20901,WMEC,LPN00934,B1J,RAW-0011-62,,550,AVAL
20901,WMEC,LPN00935,B1K,E31-002-001-014,,609.4,AVAL
20901,WMEC,LPN00936,B2A,E31-002-001-012,,174.52,AVAL
20901,WMEC,LPN00937,B2B,E31-002-001-012,,47.98,AVAL
20901,WMEC,LPN00938,B2C,E31-002-001-017,,486.13,AVAL
20901,WMEC,LPN00939,B2D,E31-002-001-017,,850,AVAL
20901,WMEC,LPN00940,B2E,E31-002-001-017,,334.32,AVAL
20901,WMEC,LPN00941,B2F,E32-003-001-016,,36.05,AVAL
20901,WMEC,LPN00942,B2G,E32-003-001-016,,1.9991,AVAL
20901,WMEC,LPN00943,B2H,E32-003-001-017,,53.0009,AVAL
20901,WMEC,LPN00944,B2I,E32-003-001-017,,1.9991,AVAL
20901,WMEC,LPN00945,B2J,E32-003-001-018,,3.27,AVAL
20901,WMEC,LPN00946,B2K,E32-003-001-018,,2.1418,AVAL
20901,WMEC,LPN00947,B3A,E32-003-001-018,,27.5,AVAL
20901,WMEC,LPN00948,B3B,E32-003-001-028,,1.96,AVAL
20901,WMEC,LPN00949,B3C,E32-003-001-028,,1.285,AVAL
20901,WMEC,LPN00950,B3D,E32-003-001-029,,102.9293,AVAL
20901,WMEC,LPN00951,B3E,E32-003-001-029,,1.5707,AVAL
20901,WMEC,LPN00952,B3F,RAW-0002-32,,1,AVAL
20901,WMEC,LPN00953,B3G,RAW-0002-32,,294,AVAL
20901,WMEC,LPN00954,B3H,RAW-0002-32,,950,AVAL
20901,WMEC,LPN00955,B3I,RAW-0024-06,,0.42,AVAL
20901,WMEC,LPN00956,B3J,RAW-0024-06,,25,AVAL
20901,WMEC,LPN00957,B3K,RAW-0011-63,,1,AVAL
20901,WMEC,LPN00958,B4A,RAW-0011-63,,705,AVAL
20901,WMEC,LPN00959,B4B,RAW-0018-21,,1,AVAL
20901,WMEC,LPN00960,B4C,RAW-0018-22,,9,AVAL
20901,WMEC,LPN00961,B4D,RAW-0018-22,,42,AVAL
20901,WMEC,LPN00962,B4E,RAW-0011-64,,695,AVAL
20901,WMEC,LPN00963,B4F,RAW-0011-65,,53,AVAL
20901,WMEC,LPN00964,B4G,RAW-0011-65,,24,AVAL
20901,WMEC,LPN00965,B4H,RAW-0011-65,,750,AVAL
20901,WMEC,LPN00966,B4I,E30-002-001-030,,140,AVAL
20901,WMEC,LPN00967,B4J,RAW-0032-08,,94,AVAL
20901,WMEC,LPN00968,B4K,RAW-0032-08,,300,AVAL
20901,WMEC,LPN00969,B5A,RAW-0032-09,,15,AVAL
20901,WMEC,LPN00970,B5B,RAW-0032-09,,345,AVAL
20901,WMEC,LPN00971,B5C,RAW-0032-10,,2,AVAL
20901,WMEC,LPN00972,B5D,RAW-0032-10,,300,AVAL
20901,WMEC,LPN00973,B5E,RAW-0032-10,,100,AVAL
20901,WMEC,LPN00974,B5F,RAW-0011-66,,816,AVAL
20901,WMEC,LPN00975,B5G,RAW-0004-05,,2,AVAL
20901,WMEC,LPN00976,B5H,RAW-0004-05,,850,AVAL
20901,WMEC,LPN00977,B5I,E40-002-001-009,,7068,AVAL
20901,WMEC,LPN00978,B5J,E40-002-001-010,,520,AVAL
20901,WMEC,LPN00979,B5K,E31-002-001-009,,838.14,AVAL
20901,WMEC,LPN00980,B6A,E31-002-001-009,,53.86,AVAL
20901,WMEC,LPN00981,B6B,E31-002-001-008,,15.92,AVAL
20901,WMEC,LPN00982,B6C,E31-002-001-008,,240.1,AVAL
20901,WMEC,LPN00983,B6D,E31-002-001-008,,3357,AVAL
20901,WMEC,LPN00984,B6E,RAW-0032-11,,12,AVAL
20901,WMEC,LPN00985,B6F,RAW-0032-11,,363,AVAL
20901,WMEC,LPN00986,B6G,RAW-0032-11,,154,AVAL
20901,WMEC,LPN00987,B6H,RAW-0032-12,,606,AVAL
20901,WMEC,LPN00988,B6I,RAW-0032-12,,127,AVAL
20901,WMEC,LPN00989,B6J,E40-002-002-006,,5244,AVAL
20901,WMEC,LPN00990,B6K,22049P-30-29B,,1,AVAL
20901,WMEC,LPN00991,F1A,22049P-35-29B,,4,AVAL
20901,WMEC,LPN00992,F1B,22049P-90-29B,,5,AVAL
20901,WMEC,LPN00993,F1C,22049P-00-29B,,1,AVAL
20901,WMEC,LPN00994,F1D,22049P-30-20B,,135,AVAL
20901,WMEC,LPN00995,F1E,22049P-35-20B,,20,AVAL
20901,WMEC,LPN00996,F1F,22049P-90-20B,,37,AVAL
20901,WMEC,LPN00997,F1G,22049P-00-20B,,42,AVAL
20901,WMEC,LPN00998,F1H,RAW-0024-09,,150,AVAL
20901,WMEC,LPN00999,F1I,E40-006-001,,10364,AVAL
20901,WMEC,LPN01000,F1J,E40-006-001,,71715,AVAL
20901,WMEC,LPN01001,F1K,E002-002-001-001,,6040,AVAL
20901,WMEC,LPN01002,F2A,E002-002-001-002L,,12040,AVAL
20901,WMEC,LPN01003,F2B,E002-002-001-002R,,12040,AVAL
20901,WMEC,LPN01004,F2C,E40-002-001-006,,1488,AVAL
20901,WMEC,LPN01005,F2D,RAW-0025-39,,376,AVAL
20901,WMEC,LPN01006,F2E,RAW-0028-14,,1446,AVAL
20901,WMEC,LPN01007,F2F,RAW-0028-14,,2184,AVAL
20901,WMEC,LPN01008,F2G,RAW-0028-14,,1328,AVAL
20901,WMEC,LPN01009,F2H,E40-005-002-002,,16908,AVAL
20901,WMEC,LPN01010,F2I,E40-005-002-003,,1440,AVAL
20901,WMEC,LPN01011,F2J,E40-005-002-004,,5588,AVAL
20901,WMEC,LPN01012,F2K,E40-005-002-005,,360,AVAL
20901,WMEC,LPN01013,F3A,22570P-08-20-B,,36,AVAL
20901,WMEC,LPN01014,F3B,22570P-08-25-B,,1,AVAL
20901,WMEC,LPN01015,F3C,22570P-55-20-B,,358,AVAL
20901,WMEC,LPN01016,F3D,22476-08-20-B,,84,AVAL
20901,WMEC,LPN01017,F3E,22476-35-29-B,,170,AVAL
20901,WMEC,LPN01018,F3F,22476-08-29-B,,60,AVAL
20901,WMEC,LPN01019,F3G,22476-55-29-B,,338,AVAL
20901,WMEC,LPN01020,F3H,22570P-08-29-J,,83,AVAL
20901,WMEC,LPN01021,F3I,22570P-08-20-J,,285,AVAL
20901,WMEC,LPN01022,F3J,22570P-20-25-J,,183,AVAL
20901,WMEC,LPN01023,F3K,22570P-20-29-J,,457,AVAL
20901,WMEC,LPN01024,F4A,22570P-20-20-J,,101,AVAL
20901,WMEC,LPN01025,F4B,22570P-55-29-J,,47,AVAL
20901,WMEC,LPN01026,F4C,22570P-55-25-J,,39,AVAL
20901,WMEC,LPN01027,F4D,22570P-55-20-J,,11,AVAL
20901,WMEC,LPN01028,F4E,22476-72-20-J,,42,AVAL
20901,WMEC,LPN01029,F4F,22476-08-20-J,,152,AVAL
20901,WMEC,LPN01030,F4G,22476-55-20-J,,18,AVAL
20901,WMEC,LPN01031,F4H,22476-35-29-J,,80,AVAL
20901,WMEC,LPN01032,F4I,22476-72-29-J,,168,AVAL
20901,WMEC,LPN01033,F4J,22476-08-29-J,,192,AVAL
20901,WMEC,LPN01034,F4K,22476-55-29-J,,247,AVAL
20901,WMEC,LPN01035,F5A,21684-12-20-J,,169,AVAL
20901,WMEC,LPN01036,F5B,21684-55-20-J,,143,AVAL
20901,WMEC,LPN01037,F5C,21684-31-20-J,,61,AVAL
20901,WMEC,LPN01038,F5D,21684-35-20-J,,263,AVAL
20901,WMEC,LPN01039,F5E,21684-40-20-J,,30,AVAL
20901,WMEC,LPN01040,F5F,RAW-0008-25,,413.44,AVAL
20901,WMEC,LPN01041,F5G,RAW-0008-25,,864,AVAL
20901,WMEC,LPN01042,F5H,RAW-0008-26,,174.64,AVAL
20901,WMEC,LPN01043,F5I,RAW-0008-27,,281.16,AVAL
20901,WMEC,LPN01044,F5J,RAW-0016-157,,225,AVAL
20901,WMEC,LPN01045,F5K,RAW-0003-35,,4000,AVAL
20901,WMEC,LPN01046,F6A,RAW-0003-35,,1800,AVAL
20901,WMEC,LPN01047,F6B,RAW-0003-35,,5476,AVAL
20901,WMEC,LPN01048,F6C,RAW-0003-35,,15016,AVAL
20901,WMEC,LPN01049,F6D,RAW-0003-36,,10000,AVAL
20901,WMEC,LPN01050,F6E,RAW-0003-36,,14200,AVAL
20901,WMEC,LPN01051,F6F,RAW-0003-36,,42704,AVAL
20901,WMEC,LPN01052,F6G,RAW-0003-36,,32020,AVAL
20901,WMEC,LPN01053,F6H,RAW-0003-37,,2000,AVAL
20901,WMEC,LPN01054,F6I,RAW-0003-37,,900,AVAL
20901,WMEC,LPN01055,F6J,RAW-0003-37,,2738,AVAL
20901,WMEC,LPN01056,F6K,RAW-0003-37,,2748,AVAL
20901,WMEC,LPN01057,B1A,RAW-0003-37,,2353,AVAL
20901,WMEC,LPN01058,B1B,RAW-0025-46,,9.24,AVAL
20901,WMEC,LPN01059,B1C,RAW-0025-46,,710,AVAL
20901,WMEC,LPN01060,B1D,RAW-0025-46,,82,AVAL
20901,WMEC,LPN01061,B1E,RAW-0011-89,,0.39,AVAL
20901,WMEC,LPN01062,B1F,RAW-0011-89,,4,AVAL
20901,WMEC,LPN01063,B1G,RAW-0011-89,,625,AVAL
20901,WMEC,LPN01064,B1H,RAW-0032-20,,37,AVAL
20901,WMEC,LPN01065,B1I,RAW-0032-21,,192,AVAL
20901,WMEC,LPN01066,B1J,RAW-0032-21,,150,AVAL
20901,WMEC,LPN01067,B1K,RAW-0025-70,,852,AVAL
20901,WMEC,LPN01068,B2A,RAW-0025-70,,82,AVAL
20901,WMEC,LPN01069,B2B,PM513209,,138.99,AVAL
20901,WMEC,LPN01070,B2C,E33-004-002,,540,AVAL
20901,WMEC,LPN01071,B2D,E33-004-002,,271874,AVAL
20901,WMEC,LPN01072,B2E,E33-004-004,,2384,AVAL
20901,WMEC,LPN01073,B2F,E33-004-004,,8201,AVAL
20901,WMEC,LPN01074,B2G,21684-12-17-J,,358,AVAL
20901,WMEC,LPN01075,B2H,21684-55-17-J,,445,AVAL
20901,WMEC,LPN01076,B2I,21684-31-17-J,,230,AVAL
20901,WMEC,LPN01077,B2J,21684-35-17-J,,479,AVAL
20901,WMEC,LPN01078,B2K,21684-40-17-J,,74,AVAL
20901,WMEC,LPN01079,B3A,E33-004-005,,1271,AVAL
20901,WMEC,LPN01080,B3B,E33-004-005,,154708,AVAL
20901,WMEC,LPN01081,B3C,E33-004-006,,3.95,AVAL
20901,WMEC,LPN01082,B3D,E40-006-002,,6610,AVAL
20901,WMEC,LPN01083,B3E,E40-006-003,,1305,AVAL
20901,WMEC,LPN01084,B3F,RAW-0025-73,,716,AVAL
20901,WMEC,LPN01085,B3G,RAW-0025-73,,1000,AVAL
20901,WMEC,LPN01086,B3H,E31-002-004-002,,230.49,AVAL
20901,WMEC,LPN01087,B3I,E31-002-004-004,,120,AVAL
20901,WMEC,LPN01088,B3J,E31-002-004-004,,2.02,AVAL
20901,WMEC,LPN01089,B3K,E31-002-004-003,,57.5,AVAL
20901,WMEC,LPN01090,B4A,E31-002-004-003,,86,AVAL
20901,WMEC,LPN01091,B4B,011-014-01347,,4000,AVAL
20901,WMEC,LPN01092,B4C,RAW-0003-59,,2353,AVAL
20901,WMEC,LPN01093,B4D,RAW-0030-20,,6.21,AVAL
20901,WMEC,LPN01094,B4E,C-W-HALLOWEEN-5QT,,5274,AVAL
20901,WMEC,LPN01095,B4F,E40-006-006,,16,AVAL
20901,WMEC,LPN01096,B4G,RAW-0010-337,,0.9358,AVAL
20901,WMEC,LPN01097,B4H,RAW-0030-22,,0.11,AVAL
20901,WMEC,LPN01098,B4I,RAW-0030-22,,79.8,AVAL
20901,WMEC,LPN01099,B4J,RAW-0024-0014,,2.12,AVAL
20901,WMEC,LPN01100,B4K,RAW-0025-127,,4,AVAL
20901,WMEC,LPN01101,B5A,RAW-0025-127,,570,AVAL
20901,WMEC,LPN01102,B5B,RAW-0025-125,,4,AVAL
20901,WMEC,LPN01103,B5C,HAL19-5QT-LT-PURPLE-INK,,2.61,AVAL
20901,WMEC,LPN01104,B5D,HAL19-5QT-LT-PURPLE-INK,,2.8883,AVAL
20901,WMEC,LPN01105,B5E,HAL19-5QT-LT-GREEN-INK,,44,AVAL
20901,WMEC,LPN01106,B5F,HAL19-5QT-DK-ORANGE-INK,,89.37,AVAL
20901,WMEC,LPN01107,B5G,HAL19-5QT-DK-ORANGE-INK,,20.6287,AVAL
20901,WMEC,LPN01108,B5H,HAL19-5QT-DK-YELLOW-INK,,15.84,AVAL
20901,WMEC,LPN01109,B5I,HAL19-5QT-DK-YELLOW-INK,,0.6614,AVAL
20901,WMEC,LPN01110,B5J,HAL19-5QT-PURPLE-INK,,17.6096,AVAL
20901,WMEC,LPN01111,B5K,HAL19-5QT-PURPLE-INK,,15.3904,AVAL
20901,WMEC,LPN01112,B6A,HAL19-5QT-LT-ORANGE-INK,,11,AVAL
20901,WMEC,LPN01113,B6B,HAL19-5QT-RED-INK,,14.74,AVAL
20901,WMEC,LPN01114,B6C,HAL19-5QT-RED-INK,,2.5902,AVAL
20901,WMEC,LPN01115,B6D,HAL19-5QT-RED-INK,,15.6649,AVAL
20901,WMEC,LPN01116,B6E,RAW-0016-179,,486,AVAL
20901,WMEC,LPN01117,B6F,RAW-0016-181,,92,AVAL
20901,WMEC,LPN01118,B6G,RAW-0016-182,,28,AVAL
20901,WMEC,LPN01119,B6H,RAW-0016-182,,169,AVAL
20901,WMEC,LPN01120,B6I,RAW-0016-183,,359.702,AVAL
20901,WMEC,LPN01121,B6J,RAW-0016-184,,164,AVAL
20901,WMEC,LPN01122,B6K,RAW-0016-185,,35,AVAL
20901,WMEC,LPN01123,F1A,RAW-0016-186,,47,AVAL
20901,WMEC,LPN01124,F1B,RAW-0016-187,,5.333,AVAL
20901,WMEC,LPN01125,F1C,RAW-0016-187,,850.697,AVAL
20901,WMEC,LPN01126,F1D,RAW-0016-188,,2,AVAL
20901,WMEC,LPN01127,F1E,RAW-0016-188,,396,AVAL
20901,WMEC,LPN01128,F1F,RAW-0016-189,,75,AVAL
20901,WMEC,LPN01129,F1G,RAW-0016-191,,124,AVAL
20901,WMEC,LPN01130,F1H,RAW-0010-358,,3.846,AVAL
20901,WMEC,LPN01131,F1I,RAW-0010-359,,0.039,AVAL
20901,WMEC,LPN01132,F1J,RAW-0010-359,,7.991,AVAL
20901,WMEC,LPN01133,F1K,RAW-0003-80,,2.146,AVAL
20901,WMEC,LPN01134,F2A,RAW-0003-80,,0.528,AVAL
20901,WMEC,LPN01135,F2B,RAW-0003-80,,530,AVAL
20901,WMEC,LPN01136,F2C,RAW-0004-06,,900,AVAL
20901,WMEC,LPN01137,F2D,RAW-0004-06,,2738,AVAL
20901,WMEC,LPN01138,F2E,RAW-0004-06,,8396,AVAL
20901,WMEC,LPN01139,F2F,RAW-0004-06,,2272,AVAL
20901,WMEC,LPN01140,F2G,RAW-0005-122,,1,AVAL
20901,WMEC,LPN01141,F2H,RAW-0005-122,,71,AVAL
20901,WMEC,LPN01142,F2I,RAW-0005-123,,142,AVAL
20901,WMEC,LPN01143,F2J,RAW-0006-64L,,512,AVAL
20901,WMEC,LPN01144,F2K,RAW-0006-64R,,512,AVAL
20901,WMEC,LPN01145,F3A,RAW-0006-64,,1680,AVAL
20901,WMEC,LPN01146,F3B,RAW-0006-65,,648,AVAL
20901,WMEC,LPN01147,F3C,RAW-0006-66,,8,AVAL
20901,WMEC,LPN01148,F3D,RAW-0006-66,,1576,AVAL
20901,WMEC,LPN01149,F3E,RAW-0008-28,,1391.52,AVAL
20901,WMEC,LPN01150,F3F,RAW-0008-28,,844,AVAL
20901,WMEC,LPN01151,F3G,RAW-0007-26,,162,AVAL
20901,WMEC,LPN01152,F3H,RAW-0007-27,,2,AVAL
20901,WMEC,LPN01153,F3I,RAW-0007-27,,401,AVAL
20901,WMEC,LPN01154,F3J,RAW-0020-251,,92,AVAL
20901,WMEC,LPN01155,F3K,RAW-0020-247,,39,AVAL
20901,WMEC,LPN01156,F4A,RAW-0020-248,,43,AVAL
20901,WMEC,LPN01157,F4B,RAW-0020-249,,75,AVAL
20901,WMEC,LPN01158,F4C,RAW-0020-250,,124,AVAL
20901,WMEC,LPN01159,F4D,RAW-0016-169,,630,AVAL
20901,WMEC,LPN01160,F4E,RAW-0016-169,,500,AVAL
20901,WMEC,LPN01161,F4F,RAW-0016-172,,10.56,AVAL
20901,WMEC,LPN01162,F4G,RAW-0016-173,,54,AVAL
20901,WMEC,LPN01163,F4H,RAW-0016-176,,235,AVAL
20901,WMEC,LPN01164,F4I,5QT-ES2020-TEAL-HANDLE,,100,AVAL
20901,WMEC,LPN01165,F4J,0009-0005-0003-0001-0000-0000-0000,,59,AVAL
20901,WMEC,LPN01166,F4K,0009-0005-0003-0003-0000-0000-0000,,202,AVAL
20901,WMEC,LPN01167,F5A,0009-0005-0001-0000-0000-0000-0000,,294,AVAL
20901,WMEC,LPN01168,F5B,RAW-0016-193,,52.62,AVAL
20901,WMEC,LPN01169,F5C,RAW-0016-194,,209,AVAL
20901,WMEC,LPN01170,F5D,RAW-0016-195,,469,AVAL
20901,WMEC,LPN01171,F5E,RAW-0016-196,,120,AVAL
20901,WMEC,LPN01172,F5F,RAW-0016-197,,198,AVAL
20901,WMEC,LPN01173,F5G,RAW-0008-33,,3130,AVAL
20901,WMEC,LPN01174,F5H,RAW-0008-33,,4846,AVAL
20901,WMEC,LPN01175,F5I,RAW-0008-33,,4544,AVAL
20901,WMEC,LPN01176,F5J,RAW-0008-34,,871,AVAL
20901,WMEC,LPN01177,F5K,20-RW-2-K,,9114.15,AVAL
20901,WMEC,LPN01178,F6A,0004-0012-0002-0005-0000-0001-0000,,2,AVAL
20901,WMEC,LPN01179,F6B,0004-0012-0002-0005-0000-0001-0000,,1,AVAL
20901,WMEC,LPN01180,F6C,0008-0002-0002-0000-0004-0000-0003,,6000,AVAL
20901,WMEC,LPN01181,F6D,0008-0002-0002-0000-0005-0000-0003,,61000,AVAL
20901,WMEC,LPN01182,F6E,0008-0003-0003-0000-0001-0000-0003,,10846,AVAL
20901,WMEC,LPN01183,F6F,0008-0003-0003-0000-0001-0000-0003,,17083,AVAL
20901,WMEC,LPN01184,F6G,0008-0003-0003-0000-0001-0000-0003,,7000,AVAL
20901,WMEC,LPN01185,F6H,0008-0001-0001-0002-0001-0000-0003,,3103,AVAL
20901,WMEC,LPN01186,F6I,0008-0001-0001-0002-0001-0000-0003,,1000,AVAL
20901,WMEC,LPN01187,F6J,5QT-ES2020-RED-HANDLE,,60836,AVAL
20901,WMEC,LPN01188,F6K,E31-002-WHITE-COLORANT,,113.77,AVAL
20901,WMEC,LPN01189,B1A,E31-002-WHITE-COLORANT,,799.83,AVAL
20901,WMEC,LPN01190,B1B,E31-002-RED-COLORANT,,444,AVAL
20901,WMEC,LPN01191,B1C,RAW-0016-198,,500,AVAL
20901,WMEC,LPN01192,B1D,1920-5QT-UNI-LABEL,,42083,AVAL
20901,WMEC,LPN01193,B1E,1920-5QT-BTFLY-LABEL,,33275,AVAL
20901,WMEC,LPN01194,B1F,1920-5QT-DOTS-LABEL,,29912,AVAL
20901,WMEC,LPN01195,B1G,1920-5QT-EGG-LABEL,,72776,AVAL
20901,WMEC,LPN01196,B1H,1920-5QT-SPT-LABEL,,120962,AVAL
20901,WMEC,LPN01197,B1I,920-5QT-HAP-LABEL,,55275,AVAL
20901,WMEC,LPN01198,B1J,920-BASK-BLU-LABEL,,1178,AVAL
20901,WMEC,LPN01199,B1K,920-BASK-AQU-LABEL,,20978,AVAL
20901,WMEC,LPN01200,B2A,920-BASK-PURP-LABEL,,19842,AVAL
20901,WMEC,LPN01201,B2B,1920-5QT-BUT-BLUE-INK,,31.7,AVAL
20901,WMEC,LPN01202,B2C,1920-5QT-BUT-BLUE-INK,,3.9292,AVAL
20901,WMEC,LPN01203,B2D,1920-5QT-BUT-BLUE-INK,,21.2887,AVAL
20901,WMEC,LPN01204,B2E,1920-5QT-BUT-LT.GREEN-INK,,44,AVAL
20901,WMEC,LPN01205,B2F,1920-5QT-BUT-LT.RED-INK,,24.247,AVAL
20901,WMEC,LPN01206,B2G,1920-5QT-BUT-LT.RED-INK,,3.9643,AVAL
20901,WMEC,LPN01207,B2H,1920-5QT-BUT-LT.RED-INK,,21.2887,AVAL
20901,WMEC,LPN01208,B2I,1920-5QT-BUT-PURPLE-INK,,13.247,AVAL
20901,WMEC,LPN01209,B2J,1920-5QT-BUT-PURPLE-INK,,3.9643,AVAL
20901,WMEC,LPN01210,B2K,1920-5QT-BUT-PURPLE-INK,,21.2887,AVAL
20901,WMEC,LPN01211,B3A,1920-5QT-BUT-YELLOW-INK,,3.9643,AVAL
20901,WMEC,LPN01212,B3B,1920-5QT-BUT-YELLOW-INK,,21.2887,AVAL
20901,WMEC,LPN01213,B3C,1920-5QT-CAMO-LEMON-INK,,17.6662,AVAL
20901,WMEC,LPN01214,B3D,1920-5QT-DOTS-AQUA-INK,,5.8923,AVAL
20901,WMEC,LPN01215,B3E,1920-5QT-DOTS-LT.GREEN-INK,,10.6859,AVAL
20901,WMEC,LPN01216,B3F,1920-5QT-DOTS-LT.GREEN-INK,,0.3141,AVAL
20901,WMEC,LPN01217,B3G,1920-5QT-GREEN-INK,,22.8128,AVAL
20901,WMEC,LPN01218,B3H,1920-5QT-GREEN-INK,,2.9935,AVAL
20901,WMEC,LPN01219,B3I,1920-5QT-GREEN-INK,,12.961,AVAL
20901,WMEC,LPN01220,B3J,1920-5QT-HAP-GREEN-INK,,44,AVAL
20901,WMEC,LPN01221,B3K,1920-5QT-HAP-LT.RED-INK,,44,AVAL
20901,WMEC,LPN01222,B4A,1920-5QT-HAP-ORANGE-INK,,4.1448,AVAL
20901,WMEC,LPN01223,B4B,1920-5QT-HAP-RED-INK,,11,AVAL
20901,WMEC,LPN01224,B4C,1920-5QT-LT.RED-INK,,7.075,AVAL
20901,WMEC,LPN01225,B4D,1920-5QT-UNI-BLUE-INK,,57.06,AVAL
20901,WMEC,LPN01226,B4E,1920-5QT-UNI-LT.RED-INK,,49.5,AVAL
20901,WMEC,LPN01227,B4F,1920-5QT-UNI-ORANGE-INK,,51.56,AVAL
20901,WMEC,LPN01228,B4G,1920-5QT-UNI-PURPLE-INK,,55,AVAL
20901,WMEC,LPN01229,B4H,1920-5QT-UNI-YELLOW-INK,,49.5,AVAL
20901,WMEC,LPN01230,B4I,1920-5QT-VIOLET-INK,,7.7076,AVAL
20901,WMEC,LPN01231,B4J,1920-5QT-YELLOW-INK,,4.0135,AVAL
20901,WMEC,LPN01232,B4K,1920-5QT-YELLOW-INK,,13.7181,AVAL
20901,WMEC,LPN01233,B5A,22570P-35-20-J,,66,AVAL
20901,WMEC,LPN01234,B5B,22570P-45-20-B,,92,AVAL
20901,WMEC,LPN01235,B5C,22570P-45-20-J,,46,AVAL
20901,WMEC,LPN01236,B5D,22570P-93-20-B,,73,AVAL
20901,WMEC,LPN01237,B5E,22570P-93-20-J,,40,AVAL
20901,WMEC,LPN01238,B5F,22570P-00-20-J,,98,AVAL
20901,WMEC,LPN01239,B5G,22570P-35-25-B,,1,AVAL
20901,WMEC,LPN01240,B5H,22570P-35-25-J,,18,AVAL
20901,WMEC,LPN01241,B5I,22570P-45-25-J,,211,AVAL
20901,WMEC,LPN01242,B5J,22570P-93-25-J,,30,AVAL
20901,WMEC,LPN01243,B5K,22570P-00-20-B,,150,AVAL
20901,WMEC,LPN01244,B6A,22570P-70-25-J,,74,AVAL
20901,WMEC,LPN01245,B6B,22570P-35-29-J,,16,AVAL
20901,WMEC,LPN01246,B6C,22570P-45-29-J,,82,AVAL
20901,WMEC,LPN01247,B6D,22570P-93-29-J,,26,AVAL
20901,WMEC,LPN01248,B6E,22570P-70-29-J,,35,AVAL
20901,WMEC,LPN01249,B6F,0008-0002-0002-0000-0018-0000-0003,,4000,AVAL
20901,WMEC,LPN01250,B6G,22570P-70-20-B,,20,AVAL
20901,WMEC,LPN01251,B6H,22570P-70-20-J,,76,AVAL
20901,WMEC,LPN01252,B6I,0009-0003-0002-0000-0000-0000-0000,,600,AVAL
20901,WMEC,LPN01253,B6J,C-W-EASTER-5Q-EGG,,650,AVAL
20901,WMEC,LPN01254,B6K,0005-0001-0002-0011-0000-0000-0017,,500,AVAL
20901,WMEC,LPN01255,F1A,0005-0001-0002-0011-0000-0000-0018,,455,AVAL
20901,WMEC,LPN01256,F1B,0005-0001-0002-0011-0000-0000-0019,,468,AVAL
20901,WMEC,LPN01257,F1C,0005-0001-0002-0011-0000-0000-0016,,500,AVAL
20901,WMEC,LPN01258,F1D,0004-0015-0002-0004-0470-0000-0019,,0.22,AVAL
20901,WMEC,LPN01259,F1E,0007-0001-0010-0000-0000-0000-0009,,46,AVAL
20901,WMEC,LPN01260,F1F,0007-0001-0010-0000-0000-0000-0009,,895,AVAL
20901,WMEC,LPN01261,F1G,0004-0006-0004-0000-0000-0000-0009,,1240,AVAL
20901,WMEC,LPN01262,F1H,0006-0002-0012-0001-0000-0000-0006,,3822,AVAL
20901,WMEC,LPN01263,F1I,0006-0002-0012-0002-0000-0000-0006,,3822,AVAL
20901,WMEC,LPN01264,F1J,0004-0001-0002-0002-0008-0002-5018,,334,AVAL
20901,WMEC,LPN01265,F1K,0004-0001-0002-0002-0009-0002-5018,,298,AVAL
20901,WMEC,LPN01266,F2A,0004-0009-0005-0005-0014-0002-5018,,2154.726,AVAL
20901,WMEC,LPN01267,F2B,0004-0009-0004-0005-0017-0002-5018,,1269,AVAL
20901,WMEC,LPN01268,F2C,0004-0009-0003-0005-0019-0002-5018,,330,AVAL
20901,WMEC,LPN01269,F2D,0004-0009-0003-0005-0018-0002-5018,,310,AVAL
20901,WMEC,LPN01270,F2E,0004-0012-0002-0007-0000-0002-5018,,21.038,AVAL
20901,WMEC,LPN01271,F2F,0004-0015-0002-0004-0470-0000-0020,,82,AVAL
20901,WMEC,LPN01272,F2G,60-FM-5,,1000,AVAL
20901,WMEC,LPN01273,F2H,C-W-EASTER-5QT-SPT,,2710,AVAL
20901,WMEC,LPN01274,F2I,C-W-EASTER-5QT-UNI,,1747,AVAL
20901,WMEC,LPN01275,F2J,C-W-EASTER-5QT-HAP,,600,AVAL
20901,WMEC,LPN01276,F2K,C-W-EASTER-5QT-HAP,,1839,AVAL
20901,WMEC,LPN01277,F3A,C-W-EASTER-5QT-CAMO,,3205,AVAL
20901,WMEC,LPN01278,F3B,C-W-EASTER-BASK-CARTON,,6,AVAL
20901,WMEC,LPN01279,F3C,C-W-EASTER-BASK-CARTON,,3497,AVAL
20901,WMEC,LPN01280,F3D,C-W-EASTER-BASK-CARTON,,634,AVAL
20901,WMEC,LPN01281,F3E,C-W-EASTER-BASK-CARTON,,125,AVAL
20901,WMEC,LPN01282,F3F,C-W-EASTER-5QT-DOTS,,271,AVAL
20901,WMEC,LPN01283,F3G,C-W-EASTER-5QT-BTFLY,,1661,AVAL
20901,WMEC,LPN01284,F3H,0003-0002-0006-0016-0000-0002-4013,,17.9,AVAL
20901,WMEC,LPN01285,F3I,0003-0002-0006-0017-0000-0002-7001,,25,AVAL
20901,WMEC,LPN01286,F3J,0003-0002-0006-0013-0000-0002-5017,,13.23,AVAL
20901,WMEC,LPN01287,F3K,0003-0002-0006-0014-0000-0002-6008,,25,AVAL
20901,WMEC,LPN01288,F4A,0003-0002-0006-0015-0000-0002-4012,,25,AVAL
20901,WMEC,LPN01289,F4B,0004-0009-0004-0005-0017-0002-9009,,444,AVAL
20901,WMEC,LPN01290,F4C,0004-0009-0003-0005-0018-0002-9009,,61,AVAL
20901,WMEC,LPN01291,F4D,0004-0009-0003-0005-0018-0002-9009,,488,AVAL
20901,WMEC,LPN01292,F4E,0004-0009-0003-0005-0019-0002-9009,,30,AVAL
20901,WMEC,LPN01293,F4F,0004-0009-0003-0005-0019-0002-9009,,500,AVAL
20901,WMEC,LPN01294,F4G,0007-0001-0010-0000-0000-0000-0012,,200,AVAL
20901,WMEC,LPN01295,F4H,0007-0001-0010-0000-0000-0000-0012,,22,AVAL
20901,WMEC,LPN01296,F4I,0007-0001-0010-0000-0000-0000-0012,,100,AVAL
20901,WMEC,LPN01297,F4J,0007-0001-0010-0000-0000-0000-0013,,500,AVAL
20901,WMEC,LPN01298,F4K,0007-0001-0010-0000-0000-0000-0013,,200,AVAL
20901,WMEC,LPN01299,F5A,0004-0009-0004-0005-0017-0001-0000,,200,AVAL
20901,WMEC,LPN01300,F5B,0007-0001-0010-0000-0000-0000-0014,,159,AVAL
20901,WMEC,LPN01301,F5C,0007-0001-0010-0000-0000-0000-0014,,93,AVAL
20901,WMEC,LPN01302,F5D,0007-0001-0010-0000-0000-0000-0015,,300,AVAL
20901,WMEC,LPN01303,F5E,0004-0006-0004-0000-0000-0002-5043,,1300,AVAL
20901,WMEC,LPN01304,F5F,0004-0006-0004-0000-0000-0002-3044,,100,AVAL
20901,WMEC,LPN01305,F5G,0004-0006-0004-0000-0000-0002-3044,,300,AVAL
20901,WMEC,LPN01306,F5H,0004-0006-0004-0000-0000-0002-4015,,300,AVAL
20901,WMEC,LPN01307,F5I,0004-0006-0004-0000-0000-0002-9009,,143.84,AVAL
20901,WMEC,LPN01308,F5J,0004-0006-0004-0000-0000-0002-9009,,296,AVAL
20901,WMEC,LPN01309,F5K,0004-0009-0005-0005-0014-0002-2044,,0.738,AVAL
20901,WMEC,LPN01310,F6A,0004-0009-0005-0005-0014-0002-2044,,1896.52,AVAL
20901,WMEC,LPN01311,F6B,0004-0009-0004-0005-0017-0002-2044,,836,AVAL
20901,WMEC,LPN01312,F6C,0004-0009-0004-0005-0017-0002-2044,,206,AVAL
20901,WMEC,LPN01313,F6D,0004-0009-0003-0005-0018-0002-2044,,941,AVAL
20901,WMEC,LPN01314,F6E,0004-0009-0003-0005-0019-0002-2044,,944,AVAL
20901,WMEC,LPN01315,F6F,0004-0009-0005-0005-0014-0002-5043,,2000,AVAL
20901,WMEC,LPN01316,F6G,0004-0009-0004-0005-0017-0002-5043,,1598,AVAL
20901,WMEC,LPN01317,F6H,0004-0009-0004-0005-0017-0002-3044,,1726,AVAL
20901,WMEC,LPN01318,F6I,0004-0009-0003-0005-0018-0002-3044,,972,AVAL
20901,WMEC,LPN01319,F6J,0004-0009-0003-0005-0019-0002-3044,,414,AVAL
20901,WMEC,LPN01320,F6K,0004-0009-0005-0005-0014-0002-4015,,372.554,AVAL
20901,WMEC,LPN01321,B1A,0004-0009-0005-0005-0014-0002-4015,,28.554,AVAL
20901,WMEC,LPN01322,B1B,0004-0009-0004-0005-0017-0002-4015,,137,AVAL
20901,WMEC,LPN01323,B1C,0004-0009-0003-0005-0018-0002-4015,,415,AVAL
20901,WMEC,LPN01324,B1D,0004-0009-0003-0005-0019-0002-4015,,47,AVAL
20901,WMEC,LPN01325,B1E,0004-0009-0003-0005-0019-0002-4015,,449,AVAL
20901,WMEC,LPN01326,B1F,0004-0009-0005-0005-0014-0002-3044,,350,AVAL
20901,WMEC,LPN01327,B1G,0004-0009-0005-0005-0014-0002-3044,,300,AVAL
20901,WMEC,LPN01328,B1H,0004-0009-0005-0005-0014-0002-9009,,201.852,AVAL
20901,WMEC,LPN01329,B1I,0004-0012-0002-0007-0000-0002-9009,,2.442,AVAL
20901,WMEC,LPN01330,B1J,0004-0012-0002-0007-0000-0002-9009,,5,AVAL
20901,WMEC,LPN01331,B1K,0004-0012-0002-0007-0000-0002-4016,,1.858,AVAL
20901,WMEC,LPN01332,B2A,0004-0012-0002-0007-0000-0002-4016,,5,AVAL
20901,WMEC,LPN01333,B2B,0004-0012-0002-0007-0000-0002-5043,,5,AVAL
20901,WMEC,LPN01334,B2C,60-RM-5-K,,3183,AVAL
20901,WMEC,LPN01335,B2D,0005-0001-0002-0011-0000-0000-0001,,205,AVAL
20901,WMEC,LPN01336,B2E,0005-0001-0002-0011-0000-0000-0001,,183,AVAL
20901,WMEC,LPN01337,B2F,0006-0002-0012-0001-0000-0000-0001,,110,AVAL
20901,WMEC,LPN01338,B2G,0006-0002-0012-0001-0000-0000-0001,,712,AVAL
20901,WMEC,LPN01339,B2H,0006-0002-0012-0002-0000-0000-0001,,822,AVAL
20901,WMEC,LPN01340,B2I,0006-0002-0012-0001-0000-0000-0002,,1000,AVAL
20901,WMEC,LPN01341,B2J,0006-0002-0012-0002-0000-0000-0002,,1000,AVAL
20901,WMEC,LPN01342,B2K,0006-0002-0012-0001-0000-0000-0003,,926,AVAL
20901,WMEC,LPN01343,B3A,0006-0002-0012-0002-0000-0000-0003,,926,AVAL
20901,WMEC,LPN01344,B3B,0006-0002-0012-0001-0000-0000-0004,,22,AVAL
20901,WMEC,LPN01345,B3C,0006-0002-0012-0001-0000-0000-0004,,712,AVAL
20901,WMEC,LPN01346,B3D,0006-0002-0012-0002-0000-0000-0004,,734,AVAL
20901,WMEC,LPN01347,B3E,0006-0002-0012-0001-0000-0000-0005,,858,AVAL
20901,WMEC,LPN01348,B3F,0006-0002-0012-0002-0000-0000-0005,,46,AVAL
20901,WMEC,LPN01349,B3G,0006-0002-0012-0002-0000-0000-0005,,812,AVAL
20901,WMEC,LPN01350,B3H,0007-0001-0010-0000-0000-0000-0016,,211,AVAL
20901,WMEC,LPN01351,B3I,0004-0006-0004-0000-0000-0002-2044,,167,AVAL
20901,WMEC,LPN01352,B3J,0004-0006-0004-0000-0000-0002-4016,,300,AVAL
20901,WMEC,LPN01353,B3K,0004-0001-0002-0003-0009-0002-2044,,300,AVAL
20901,WMEC,LPN01354,B4A,0004-0001-0002-0003-0009-0002-5043,,300,AVAL
20901,WMEC,LPN01355,B4B,0004-0001-0002-0003-0009-0002-4015,,280,AVAL
20901,WMEC,LPN01356,B4C,0004-0002-0002-0006-0049-0000-0001,,162,AVAL
20901,WMEC,LPN01357,B4D,0004-0009-0005-0005-0014-0002-4016,,115.376,AVAL
20901,WMEC,LPN01358,B4E,0004-0009-0003-0005-0018-0002-4016,,100,AVAL
20901,WMEC,LPN01359,B4F,0004-0012-0002-0007-0000-0002-2044,,0.484,AVAL
20901,WMEC,LPN01360,B4G,0006-0002-0025-0001-0000-0000-0003,,1000,AVAL
20901,WMEC,LPN01361,B4H,0006-0002-0025-0002-0000-0000-0003,,1000,AVAL
20901,WMEC,LPN01362,B4I,0006-0002-0025-0001-0000-0000-0002,,1000,AVAL
20901,WMEC,LPN01363,B4J,0006-0002-0025-0002-0000-0000-0002,,1000,AVAL
20901,WMEC,LPN01364,B4K,0006-0003-0002-0000-0000-0001-0000,,4000,AVAL
20901,WMEC,LPN01365,B5A,0006-0003-0002-0000-0000-0002-4015,,4000,AVAL
20901,WMEC,LPN01366,B5B,0006-0003-0002-0000-0000-0002-5043,,4000,AVAL
20901,WMEC,LPN01367,B5C,0004-0012-0002-0007-0000-0002-4015,,0.89,AVAL
20901,WMEC,LPN01368,B5D,0007-0001-0010-0000-0000-0000-0001,,19,AVAL
20901,WMEC,LPN01369,B5E,0007-0001-0010-0000-0000-0000-0001,,644,AVAL
20901,WMEC,LPN01370,B5F,0007-0001-0010-0000-0000-0000-0002,,766,AVAL
20901,WMEC,LPN01371,B5G,0008-0003-0003-0000-0003-0000-0003,,6000,AVAL
20901,WMEC,LPN01372,B5H,90-SB-04,,11430.16,AVAL
20901,WMEC,LPN01373,B5I,22822-LA,,259,AVAL
20901,WMEC,LPN01374,B5J,22822-LG,,259,AVAL
20901,WMEC,LPN01375,B5K,22822-LBR,,259,AVAL
20901,WMEC,LPN01376,B6A,22822-LAR,,259,AVAL
20901,WMEC,LPN01377,B6B,22822-MA,,461,AVAL
20901,WMEC,LPN01378,B6C,22822-MG,,461,AVAL
20901,WMEC,LPN01379,B6D,22822-MBR,,461,AVAL
20901,WMEC,LPN01380,B6E,22822-MAR,,461,AVAL
20901,WMEC,LPN01381,B6F,22822-SAG,,458,AVAL
20901,WMEC,LPN01382,B6G,22822-SBG,,458,AVAL
20901,WMEC,LPN01383,B6H,22822-SBR,,458,AVAL
20901,WMEC,LPN01384,B6I,22822-SAR,,458,AVAL
20901,WMEC,LPN01385,B6J,21684-80-17-J,,45,AVAL
20901,WMEC,LPN01386,B6K,21684-80-20-J,,67,AVAL
20901,WMEC,LPN01387,F1A,RAW-0024-0015,,28.5,AVAL
20901,WMEC,LPN01388,F1B,RAW-0024-0016,,35.9,AVAL
20901,WMEC,LPN01389,F1C,RAW-0024-0017,,27.7,AVAL
20901,WMEC,LPN01390,F1D,RAW-0017-96R,,1139,AVAL
20901,WMEC,LPN01391,F1E,RAW-0017-96L,,1139,AVAL
20901,WMEC,LPN01392,F1F,RAW-0022-13,,692,AVAL
20901,WMEC,LPN01393,F1G,RAW-0022-14,,444,AVAL
20901,WMEC,LPN01394,F1H,RAW-0007-28,,2272,AVAL
20901,WMEC,LPN01395,F1I,RAW-0007-29,,692,AVAL
20901,WMEC,LPN01396,F1J,RAW-0008-35,,4544,AVAL
20901,WMEC,LPN01397,F1K,RAW-0002-55,,1136,AVAL
20901,WMEC,LPN01398,F2A,RAW-0005-147,,245,AVAL
20901,WMEC,LPN01399,F2B,RAW-0005-148,,447,AVAL
20901,WMEC,LPN01400,F2C,RAW-0005-149,,444,AVAL
20901,WMEC,LPN01401,F2D,RAW-0006-73,,2272,AVAL
20901,WMEC,LPN01402,F2E,RAW-0003-94,,2272,AVAL
20901,WMEC,LPN01403,F2F,RAW-0025-141,,1136,AVAL
20901,WMEC,LPN01404,F2G,RAW-0011-361,,1136,AVAL
20901,WMEC,LPN01405,F2H,RAW-0016-211,,2353,AVAL
20901,WMEC,LPN01406,F2I,RAW-0032-51,,245,AVAL
20901,WMEC,LPN01407,F2J,RAW-0032-52,,447,AVAL
20901,WMEC,LPN01408,F2K,RAW-0032-53,,448,AVAL
20901,WMEC,LPN01409,F3A,RAW-0015-03,,732,AVAL
20901,WMEC,LPN01410,F3B,RAW-0015-03,,1900,AVAL
20901,WMEC,LPN01411,F3C,4GBGS-19-PRP-LABEL,,48630,AVAL
20901,WMEC,LPN01412,F3D,4GBGS-19-ORANGE-LABEL,,39296,AVAL
20901,WMEC,LPN01413,F3E,4GBGS-19-OCEAN-LABEL,,33568,AVAL
20901,WMEC,LPN01414,F3F,4GBGS-19-APPLE-LABEL,,35776,AVAL
20901,WMEC,LPN01415,F3G,RAW-0008-36,,971,AVAL
20901,WMEC,LPN01416,F3H,RAW-0008-37,,831,AVAL
20901,WMEC,LPN01417,F3I,RAW-0008-38,,172,AVAL
20901,WMEC,LPN01418,F3J,RAW-0016-212,,134,AVAL
20901,WMEC,LPN01419,F3K,RAW-0016-213,,306,AVAL
20901,WMEC,LPN01420,F4A,RAW-0016-214,,335,AVAL
20901,WMEC,LPN01421,F4B,RAW-0016-215,,53,AVAL
20901,WMEC,LPN01422,F4C,RAW-0016-216,,248,AVAL
20901,WMEC,LPN01423,F4D,RAW-0016-217,,247,AVAL
20901,WMEC,LPN01424,F4E,RAW-0016-218,,58,AVAL
20901,WMEC,LPN01425,F4F,RAW-0016-219,,58,AVAL
20901,WMEC,LPN01426,F4G,RAW-0030-24,,60,AVAL
20901,WMEC,LPN01427,F4H,RAW-0025-142,,490,AVAL
20901,WMEC,LPN01428,F4I,RAW-0025-143,,563,AVAL
20901,WMEC,LPN01429,F4J,RAW-0025-144,,563,AVAL
20901,WMEC,LPN01430,F4K,RAW-0025-145,,1125,AVAL
20901,WMEC,LPN01431,F5A,RAW-0025-146,,300,AVAL
20901,WMEC,LPN01432,F5B,RAW-0025-147,,300,AVAL
20901,WMEC,LPN01433,F5C,RAW-0025-148,,200,AVAL
20901,WMEC,LPN01434,F5D,C-W-1610,,95,AVAL
20901,WMEC,LPN01435,F5E,C-W-1610,,375,AVAL
20901,WMEC,LPN01436,F5F,C-W-1610,,7500,AVAL
20901,WMEC,LPN01437,F5G,C-W-2016,,308,AVAL
20901,WMEC,LPN01438,F5H,C-W-2016,,11171,AVAL
20901,WMEC,LPN01439,F5I,CB-1610-C-SFG,,6065,AVAL
20901,WMEC,LPN01440,F5J,CB-1610-C-SFG,,112,AVAL
20901,WMEC,LPN01441,F5K,CB-1610-C-LABEL,,740,AVAL
20901,WMEC,LPN01442,F6A,CB-1610-C-LABEL,,13300,AVAL
20901,WMEC,LPN01443,F6B,CB-1610-C-LABEL,,102000,AVAL
20901,WMEC,LPN01444,F6C,CB-1610-C-LABEL,,100000,AVAL
20901,WMEC,LPN01445,F6D,CB-2016-C-SFG,,2700,AVAL
20901,WMEC,LPN01446,F6E,CB-2016-C-LABEL,,5416,AVAL
20901,WMEC,LPN01447,F6F,CB-2016-C-LABEL,,30952,AVAL
20901,WMEC,LPN01448,F6G,CB-2016-C-LABEL,,150000,AVAL
20901,WMEC,LPN01449,F6H,E31-002-004-005,,375.4,AVAL
20901,WMEC,LPN01450,F6I,E31-002-004-008,,620,AVAL
20901,WMEC,LPN01451,F6J,WP-00020-50-Body,,8890,AVAL
20901,WMEC,LPN01452,F6K,WP-00020-50-Body,,1364,AVAL
20901,WMEC,LPN01453,B1A,WP-00020-50-Body,,1680,AVAL
20901,WMEC,LPN01454,B1B,255-2,,43817.45544,AVAL
20901,WMEC,LPN01455,B1C,255-2,,6224.6,AVAL
20901,WMEC,LPN01456,B1D,255-3,,355776.08,AVAL
20901,WMEC,LPN01457,B1E,WP-00020-25-Body,,2389,AVAL
20901,WMEC,LPN01458,B1F,WP-00020-25-LID,,3270,AVAL
20901,WMEC,LPN01459,B1G,WP-00020-25-LID,,1418,AVAL
20901,WMEC,LPN01460,B1H,WP-00020-25-LID,,9219,AVAL
20901,WMEC,LPN01461,B1I,WP-00020-25-LID,,8663,AVAL
20901,WMEC,LPN01462,B1J,WP-00020-25-Gasket,,9933,AVAL
20901,WMEC,LPN01463,B1K,WP-00020-25-Gasket,,2675,AVAL
20901,WMEC,LPN01464,B2A,WP-00020-25-Gasket,,143218,AVAL
20901,WMEC,LPN01465,B2B,WP-00020-25-Gasket,,82664,AVAL
20901,WMEC,LPN01466,B2C,WP-00020-Wheel,,48776,AVAL
20901,WMEC,LPN01467,B2D,WP-00020-Wheel,,280629,AVAL
20901,WMEC,LPN01468,B2E,WP-00020-50-Gasket,,7366,AVAL
20901,WMEC,LPN01469,B2F,WP-00020-50-Gasket,,157291,AVAL
20901,WMEC,LPN01470,B2G,WP-00020-50-Gasket,,105000,AVAL
20901,WMEC,LPN01471,B2H,WP-00020-50-Label,,40710,AVAL
20901,WMEC,LPN01472,B2I,WP-00020-04-GASKET,,12672,AVAL
20901,WMEC,LPN01473,B2J,WP-00020-04-GASKET,,119976,AVAL
20901,WMEC,LPN01474,B2K,WP-00020-04-GASKET,,84230,AVAL
20901,WMEC,LPN01475,B3A,WP-00020-04-LABEL,,17416,AVAL
20901,WMEC,LPN01476,B3B,WP-00020-10-GASKET,,11114,AVAL
20901,WMEC,LPN01477,B3C,WP-00020-10-GASKET,,73859,AVAL
20901,WMEC,LPN01478,B3D,WP-00020-10-GASKET,,54541,AVAL
20901,WMEC,LPN01479,B3E,WP-00020-10-LATCH,,225269,AVAL
20901,WMEC,LPN01480,B3F,WP-00020-10-LATCH,,10980,AVAL
20901,WMEC,LPN01481,B3G,WP-00020-10-LABEL,,14373,AVAL
20901,WMEC,LPN01482,B3H,HAL20-5QT-WITCH-LABEL,,16983,AVAL
20901,WMEC,LPN01483,B3I,HAL20-5QT-TOT-LABEL,,16983,AVAL
20901,WMEC,LPN01484,B3J,HAL20-5QT-CATS-LABEL,,16983,AVAL
20901,WMEC,LPN01485,B3K,HAL20-5QT-BATS-LABEL,,13601,AVAL
20901,WMEC,LPN01486,B4A,HAL20-5QT-UNICRN-LABEL,,13601,AVAL
20901,WMEC,LPN01487,B4B,HAL20-5QT-CANDY-LABEL,,13601,AVAL
20901,WMEC,LPN01488,B4C,HAL20-ORANGE-BOWL-LABEL,,1970,AVAL
20901,WMEC,LPN01489,B4D,HAL20-BLACK-BOWL-LABEL,,1533,AVAL
20901,WMEC,LPN01490,B4E,C-W-HALLOWEEN-5QT-CAT,,556,AVAL
20901,WMEC,LPN01491,B4F,C-W-HALLOWEEN-5QT-ASTM,,524,AVAL
20901,WMEC,LPN01492,B4G,C-W-HALLOWEEN-5QT-PBUC,,953,AVAL
20901,WMEC,LPN01493,B4H,C-W-2020HWB,,192,AVAL
20901,WMEC,LPN01494,B4I,WP-00020-10-LID,,152644,AVAL
20901,WMEC,LPN01495,B4J,WP-00020-04-LID,,9126,AVAL
20901,WMEC,LPN01496,B4K,PM514034,,90.92,AVAL
20901,WMEC,LPN01497,B5A,HAL20-5QT-WITCH-LT.GRREN-INK,,2.8513,AVAL
20901,WMEC,LPN01498,B5B,HAL20-5QT-WITCH-YELLOW-INK,,2.8513,AVAL
20901,WMEC,LPN01499,B5C,HAL20-5QT-WITCH-BLUE-INK,,2.8513,AVAL
20901,WMEC,LPN01500,B5D,HAL20-5QT-WITCH-ORG-INK,,2.8513,AVAL
20901,WMEC,LPN01501,B5E,HAL20-5QT-YELLOW-INK,,3.6542,AVAL
20901,WMEC,LPN01502,B5F,HAL20-5QT-YELLOW-INK,,1.5435,AVAL
20901,WMEC,LPN01503,B5G,HAL20-5QT-BLUE-INK,,0.51,AVAL
20901,WMEC,LPN01504,B5H,HAL20-5QT-BLUE-INK,,4.6873,AVAL
20901,WMEC,LPN01505,B5I,HAL20-5QT-LT.RED-INK,,2.7042,AVAL
20901,WMEC,LPN01506,B5J,HAL20-5QT-LT.RED-INK,,2.4931,AVAL
20901,WMEC,LPN01507,B5K,HAL20-5QT-RED-INK,,3,AVAL
20901,WMEC,LPN01508,B6A,HAL20-5QT-PURPLE-INK,,2.0504,AVAL
20901,WMEC,LPN01509,B6B,HAL20-5QT-PURPLE-INK,,16.5,AVAL
20901,WMEC,LPN01510,B6C,HAL20-5QT-GREEN-INK,,2.0504,AVAL
20901,WMEC,LPN01511,B6D,HAL20-5QT-CATS-LT.GREEN-INK,,5.1973,AVAL
20901,WMEC,LPN01512,B6E,HAL20-5QT-CATS-GREEN-INK,,2.2633,AVAL
20901,WMEC,LPN01513,B6F,HAL20-5QT-CATS-LT.ORG-INK,,3.7721,AVAL
20901,WMEC,LPN01514,B6G,HAL20-5QT-BATS-PURPLE-INK,,5.4976,AVAL
20901,WMEC,LPN01515,B6H,HAL20-5QT-UNI-BLUE-INK,,5.1973,AVAL
20901,WMEC,LPN01516,B6I,HAL20-5QT-UNI-GREEN-INK,,0.0001,AVAL
20901,WMEC,LPN01517,B6J,HAL20-5QT-CANDY-YELLOW-INK,,2.9652,AVAL
20901,WMEC,LPN01518,B6K,HAL20-5QT-CANDY-ORG-INK-1,,2.9652,AVAL
20901,WMEC,LPN01519,F1A,HAL20-5QT-CANDY-ORG-INK-2,,5.5,AVAL
20901,WMEC,LPN01520,F1B,HAL20-5QT-CANDY-ORG-INK-3,,2.9652,AVAL
20901,WMEC,LPN01521,F1C,HAL20-5QT-CANDY-GREEN-INK,,2.9652,AVAL
20901,WMEC,LPN01522,F1D,HAL20-5QT-CANDY-LT.GREEN-INK,,2.9652,AVAL
20901,WMEC,LPN01523,F1E,HAL20-5QT-CANDY-BROWN-INK,,2.9652,AVAL
20901,WMEC,LPN01524,F1F,PM34343,,4.4,AVAL
20901,WMEC,LPN01525,F1G,PM611052,,43.54,AVAL
20901,WMEC,LPN01526,F1H,VL-FS-G,,35860,AVAL
20901,WMEC,LPN01527,F1I,VL-FS-T,,20766,AVAL
20901,WMEC,LPN01528,F1J,WP-CB016-10-LG-SEMI,,1679,AVAL
20901,WMEC,LPN01529,F1K,VL-DD-10-LABEL,,67025,AVAL
20901,WMEC,LPN01530,F2A,WP-CB016-12-LG-SEMI,,1486,AVAL
20901,WMEC,LPN01531,F2B,10-RM-5E,,5400,AVAL
20901,WMEC,LPN01532,F2C,CC50-PP,,61359,AVAL
20901,WMEC,LPN01533,F2D,WP-CB016-30-LG-SEMI,,2912,AVAL
20901,WMEC,LPN01534,F2E,VL-CB016-90-LG-SEMI,,1542,AVAL
20901,WMEC,LPN01535,F2F,VL-CB016-45-LG-SEMI,,1666,AVAL
20901,WMEC,LPN01536,F2G,C-W-VL-FS-PDQ,,11253,AVAL
20901,WMEC,LPN01537,F2H,C-W-VL-FS-PDQ,,1431,AVAL
20901,WMEC,LPN01538,F2I,C-W-VL-FS-SHIP,,34409,AVAL
20901,WMEC,LPN01539,F2J,VL-FS-T-LABEL,,214704,AVAL
20901,WMEC,LPN01540,F2K,VL-FS-G-LABEL,,352940,AVAL
20901,WMEC,LPN01541,F3A,VL-CB016-TR-LG-LABEL,,30904,AVAL
20901,WMEC,LPN01542,F3B,VL-CB016-90-LG-LABEL,,3726,AVAL
20901,WMEC,LPN01543,F3C,VL-CB016-45-LG-LABEL,,4726,AVAL
20901,WMEC,LPN01544,F3D,VL-DD-10-BOWL,,11408,AVAL
20901,WMEC,LPN01545,F3E,VL-DD-10-LEG,,11490,AVAL
20901,WMEC,LPN01546,F3F,VL-DD-10-LEG,,435,AVAL
20901,WMEC,LPN01547,F3G,VL-DD-10-FRAME,,164,AVAL
20901,WMEC,LPN01548,F3H,HAL20-5QT-BLACK-HANDLE,,16440,AVAL
20901,WMEC,LPN01549,F3I,WP-00020-10-BODY,,10107,AVAL
20901,WMEC,LPN01550,F3J,C-W-VL-DD-10,,1915,AVAL
20901,WMEC,LPN01551,F3K,C-W-VL-DD-10,,2165,AVAL
20901,WMEC,LPN01552,F4A,C-W-VL-DD-10,,8625,AVAL
20901,WMEC,LPN01553,F4B,C-ECO-40x48-PAD,,37,AVAL
20901,WMEC,LPN01554,F4C,CC50-CL,,40880,AVAL
20901,WMEC,LPN01555,F4D,FP74820214,,2531.5,AVAL
20901,WMEC,LPN01556,F4E,CB-20225K51-1500,,38,AVAL
20901,WMEC,LPN01557,F4F,HAL20-5QT-ORANGE-BODY,,430,AVAL
20901,WMEC,LPN01558,F4G,HAL20-5QT-PURPLE-HANDLE,,2570,AVAL
20901,WMEC,LPN01559,F4H,RAW-0018-59,,49300,AVAL
20901,WMEC,LPN01560,F4I,90-CWR-5,,3600,AVAL
20901,WMEC,LPN01561,F4J,E33-004-014,,3118,AVAL
20901,WMEC,LPN01562,F4K,E33-004-014,,162954,AVAL
20901,WMEC,LPN01563,F5A,PE-RB-18,,4242,AVAL
20901,WMEC,LPN01564,F5B,TPE70A,,23912.92,AVAL
20901,WMEC,LPN01565,F5C,RAW-0011-362,,47420,AVAL
20901,WMEC,LPN01566,F5D,RAW-0011-363,,1880,AVAL
20901,WMEC,LPN01567,F5E,RAW-0032-56,,3960,AVAL
20901,WMEC,LPN01568,F5F,RAW-0032-57,,160,AVAL
20901,WMEC,LPN01569,F5G,100-RO-5,,66600,AVAL
20901,WMEC,LPN01570,F5H,PR45-5,,83200,AVAL
20901,WMEC,LPN01571,F5I,PM515041,,0.00001,AVAL
20901,WMEC,LPN01572,F5J,FP62820387,,156.54133,AVAL
20901,WMEC,LPN01573,F5K,FP53820583,,86.34638,AVAL
20901,WMEC,LPN01574,F6A,PM611055,,36.55861,AVAL
20901,WMEC,LPN01575,F6B,PM611055,,233,AVAL
20901,WMEC,LPN01576,F6C,PM611058,,82.41953,AVAL
20901,WMEC,LPN01577,F6D,PM27066,,29.26,AVAL
20901,WMEC,LPN01578,F6E,PM27066,,74,AVAL
20901,WMEC,LPN01579,F6F,FP72820218,,288.01,AVAL
20901,WMEC,LPN01580,F6G,PC-1STEP-20-LABEL,,213,AVAL
20901,WMEC,LPN01581,F6H,PC-2STEP-20-LABEL,,5166,AVAL
20901,WMEC,LPN01582,F6I,PC-2STEP-20-LABEL,,48924,AVAL
20901,WMEC,LPN01583,F6J,PC-RING-20-LABEL,,61140,AVAL
20901,WMEC,LPN01584,F6K,C-W-PC-1STEP-20,,6000,AVAL
20901,WMEC,LPN01585,B1A,C-W-PC-1STEP-20,,635,AVAL
20901,WMEC,LPN01586,B1B,C-W-PC-2STEP-20,,3780,AVAL
20901,WMEC,LPN01587,B1C,C-W-PC-2STEP-20,,1765,AVAL
20901,WMEC,LPN01588,B1D,C-W-PC-2STEP-20,,1440,AVAL
20901,WMEC,LPN01589,B1E,C-W-PC-RING-20-SHIP,,30864,AVAL
20901,WMEC,LPN01590,B1F,C-W-PC-RING-20-SHIP,,25375,AVAL
20901,WMEC,LPN01591,B1G,C-W-EASTER-5QT-DINO,,1861,AVAL
20901,WMEC,LPN01592,B1H,C-W-EASTER-5QT-FROG,,953,AVAL
20901,WMEC,LPN01593,B1I,C-W-EASTER-5QT-LLMA,,350,AVAL
20901,WMEC,LPN01594,B1J,C-W-EASTER-5QT-EASTER,,1207,AVAL
20901,WMEC,LPN01595,B1K,C-W-EASTER-5QT-EGG,,77,AVAL
20901,WMEC,LPN01596,B2A,E31-002-005-001,,104,AVAL
20901,WMEC,LPN01597,B2B,E31-002-005-002,,200,AVAL
20901,WMEC,LPN01598,B2C,E31-002-005-003,,49,AVAL
20901,WMEC,LPN01599,B2D,E31-002-005-004,,145,AVAL
20901,WMEC,LPN01600,B2E,E31-002-005-005,,162.9,AVAL
20901,WMEC,LPN01601,B2F,E31-002-005-006,,109.5,AVAL
20901,WMEC,LPN01602,B2G,E31-002-005-007,,58,AVAL
20901,WMEC,LPN01603,B2H,42CAN-GREY,,81,AVAL
20901,WMEC,LPN01604,B2I,CALCIUM,,7760,AVAL
20901,WMEC,LPN01605,B2J,PC20-1STEP-SIN-BODY,,509,AVAL
20901,WMEC,LPN01606,B2K,PC20-2STEP-DOU-BODY,,206,AVAL
20901,WMEC,LPN01607,B3A,1921-5QT-SPORT-LABEL,,34753,AVAL
20901,WMEC,LPN01608,B3B,1921-5QT-DINO-LABEL,,25110,AVAL
20901,WMEC,LPN01609,B3C,1921-5QT-CAMO-LABEL,,41778,AVAL
20901,WMEC,LPN01610,B3D,1921-5QT-FROG-LABEL,,15417,AVAL
20901,WMEC,LPN01611,B3E,1921-5QT-LLMA-LABEL,,38111,AVAL
20901,WMEC,LPN01612,B3F,1921-5QT-EASTER-LABEL,,20789,AVAL
20901,WMEC,LPN01613,B3G,1921-5QT-EGG-LABEL,,4502,AVAL
20901,WMEC,LPN01614,B3H,1921-5QT-EGG-LABEL,,44262,AVAL
20901,WMEC,LPN01615,B3I,1921-BASKET-BLU-LABEL,,185,AVAL
20901,WMEC,LPN01616,B3J,1921-BASKET-BLU-LABEL,,4058,AVAL
20901,WMEC,LPN01617,B3K,1921-BASKET-TEA-LABEL,,4112,AVAL
20901,WMEC,LPN01618,B4A,1921-BASKET-PNK-LABEL,,5235,AVAL
20901,WMEC,LPN01619,B4B,1921-BASKET-PUR-LABEL,,5235,AVAL
20901,WMEC,LPN01620,B4C,E31-002-006-002,,482.59,AVAL
20901,WMEC,LPN01621,B4D,E31-002-006-002,,2212.45,AVAL
20901,WMEC,LPN01622,B4E,PM515039,,117.02,AVAL
20901,WMEC,LPN01623,B4F,PM515044,,137.58,AVAL
20901,WMEC,LPN01624,B4G,PM412333,,164.3,AVAL
20901,WMEC,LPN01625,B4H,PM515038,,138.23,AVAL
20901,WMEC,LPN01626,B4I,E31-002-006-001,,422.63,AVAL
20901,WMEC,LPN01627,B4J,E31-002-006-001,,1818.1,AVAL
20901,WMEC,LPN01628,B4K,E31-002-006-004,,1064,AVAL
20901,WMEC,LPN01629,B5A,35-RO-5,,34200,AVAL
20901,WMEC,LPN01630,B5B,1921-5QT-EASTER-YELLOW-INK,,0.2986,AVAL
20901,WMEC,LPN01631,B5C,1921-5QT-EASTER-YELLOW-INK,,3.5758,AVAL
20901,WMEC,LPN01632,B5D,1921-5QT-EASTER-LT.RED-INK,,10.4992,AVAL
20901,WMEC,LPN01633,B5E,1921-5QT-CAMO-BLUE-INK,,9.6039,AVAL
20901,WMEC,LPN01634,B5F,1921-5QT-CAMO-TEAL-INK,,9.6039,AVAL
20901,WMEC,LPN01635,B5G,1921-5QT-CAMO-GREEN-INK,,9.6039,AVAL
20901,WMEC,LPN01636,B5H,1921-5QT-CAMO-YE.GRREN-INK,,9.6039,AVAL
20901,WMEC,LPN01637,B5I,1921-5QT-CAMO-LT.GRREN-INK,,21.3019,AVAL
20901,WMEC,LPN01638,B5J,PM515801,,2860.63,AVAL
20901,WMEC,LPN01639,B5K,1921-5QT-EASTER-TEAL-INK,,13.9108,AVAL
20901,WMEC,LPN01640,B6A,1921-5QT-EASTER-GREEN-INK,,21.1776,AVAL
20901,WMEC,LPN01641,B6B,1921-5QT-FROG-LT.RED-INK,,0.0001,AVAL
20901,WMEC,LPN01642,B6C,1921-5QT-FROG-YELLOW-INK,,7.9363,AVAL
20901,WMEC,LPN01643,B6D,1921-5QT-FROG-GREEN-INK,,3.0733,AVAL
20901,WMEC,LPN01644,B6E,1921-5QT-FROG-BROWN-INK,,0.0001,AVAL
20901,WMEC,LPN01645,B6F,1921-5QT-LLMA-HANDLE,,79488,AVAL
20901,WMEC,LPN01646,B6G,1921-5QT-LLMA-HANDLE,,18292,AVAL
20901,WMEC,LPN01647,B6H,1921-5QT-EASTER-HANDLE,,39164,AVAL
20901,WMEC,LPN01648,B6I,RAW-0041-0562,,740,AVAL
20901,WMEC,LPN01649,B6J,RAW-0041-0562,,56476,AVAL
20901,WMEC,LPN01650,B6K,RAW-0041-0563,,50952,AVAL
20901,WMEC,LPN01651,F1A,1921-5QT-SPORT-GREY-INK,,4.0983,AVAL
20901,WMEC,LPN01652,F1B,1921-5QT-SPORT-GREY-INK,,6.3694,AVAL
20901,WMEC,LPN01653,F1C,1921-5QT-SPORT-GREY-INK,,6.88,AVAL
20901,WMEC,LPN01654,F1D,1921-5QT-SPORT-GREY-INK,,0.8101,AVAL
20901,WMEC,LPN01655,F1E,1921-5QT-SPORT-BROWN-INK,,0.0027,AVAL
20901,WMEC,LPN01656,F1F,1921-5QT-SPORT-BROWN-INK,,6.6378,AVAL
20901,WMEC,LPN01657,F1G,1921-5QT-SPORT-BROWN-INK,,6.96,AVAL
20901,WMEC,LPN01658,F1H,1921-5QT-SPORT-BROWN-INK,,5.1437,AVAL
20901,WMEC,LPN01659,F1I,1921-5QT-SPORT-ORANGE-INK,,4.441,AVAL
20901,WMEC,LPN01660,F1J,1921-5QT-SPORT-ORANGE-INK,,1.201,AVAL
20901,WMEC,LPN01661,F1K,1921-5QT-SPORT-ORANGE-INK,,2.0709,AVAL
20901,WMEC,LPN01662,F2A,1921-5QT-SPORT-RED-INK,,1.9645,AVAL
20901,WMEC,LPN01663,F2B,1921-5QT-SPORT-RED-INK,,9.9284,AVAL
20901,WMEC,LPN01664,F2C,1921-5QT-SPORT-BLUE-INK,,2.3898,AVAL
20901,WMEC,LPN01665,F2D,1921-5QT-SPORT-BLUE-INK,,10.7694,AVAL
20901,WMEC,LPN01666,F2E,C-W-MS11100019425CL,,2396,AVAL
20901,WMEC,LPN01667,F2F,C-W-MS11100019425PB,,422,AVAL
20901,WMEC,LPN01668,F2G,C-W-MS11100019425PB,,4064,AVAL
20901,WMEC,LPN01669,F2H,C-W-MS11100019425TR,,5532,AVAL
20901,WMEC,LPN01670,F2I,C-W-MS11100019425WT,,13155,AVAL
20901,WMEC,LPN01671,F2J,MS11100019425BL-BODY,,7456,AVAL
20901,WMEC,LPN01672,F2K,10-RM-5-U,,5400,AVAL
20901,WMEC,LPN01673,F3A,PP-RN-10,,98115.47,AVAL
20901,WMEC,LPN01674,F3B,1921-Basket-PNK-HANDLE,,95060,AVAL
20901,WMEC,LPN01675,F3C,1921-Basket-PUR-HANDLE,,12096,AVAL
20901,WMEC,LPN01676,F3D,1921-Basket-TEAL-HANDLE,,39720,AVAL
20901,WMEC,LPN01677,F3E,1921-5QT-LLMA-GREY-INK,,0.00002,AVAL
20901,WMEC,LPN01678,F3F,1921-5QT-LLMA-PURPLE-INK,,0.0245,AVAL
20901,WMEC,LPN01679,F3G,1921-5QT-LLMA-PURPLE-INK,,0.08377,AVAL
20901,WMEC,LPN01680,F3H,1921-5QT-LLMA-TEAL-INK,,0.73036,AVAL
20901,WMEC,LPN01681,F3I,E40-008-001,,100000,AVAL
20901,WMEC,LPN01682,F3J,PP-V-NA-2X-1.1,,22494.8,AVAL
20901,WMEC,LPN01683,F3K,L-MS11100019425TR,,53988,AVAL
20901,WMEC,LPN01684,F4A,L-MS11100019425BL,,11232,AVAL
20901,WMEC,LPN01685,F4B,L-MS11100019425BL,,3528,AVAL
20901,WMEC,LPN01686,F4C,L-MS11100019425BL,,173964,AVAL
20901,WMEC,LPN01687,F4D,OSP-WP-00020-50-Body,,6000,AVAL
20901,WMEC,LPN01688,F4E,L-MS11100019425PB,,576,AVAL
20901,WMEC,LPN01689,F4F,L-MS11100019425PB,,48432,AVAL
20901,WMEC,LPN01690,F4G,L-MS11100019425WT,,20000,AVAL
20901,WMEC,LPN01691,F4H,L-MS11100019425WT,,119520,AVAL
20901,WMEC,LPN01692,F4I,PP-V-NA-3X-1.5,,355512.01,AVAL
20901,WMEC,LPN01693,F4J,INK-All-10,,0.0001,AVAL
20901,WMEC,LPN01694,F4K,INK-All-10,,21.2195,AVAL
20901,WMEC,LPN01695,F5A,INK-All-00,,38.2771,AVAL
20901,WMEC,LPN01696,F5B,PP-C-00-TPM11034E63,,336.79,AVAL
20901,WMEC,LPN01697,F5C,PP-C-00-TPM11034E63,,2042,AVAL
20901,WMEC,LPN01698,F5D,PP-C-00-TPM11034E63,,16.49,AVAL
20901,WMEC,LPN01699,F5E,PP-C-00-TPM11034E63,,2361,AVAL
20901,WMEC,LPN01700,F5F,PP-C-00-TPM11034E63,,133.82,AVAL
20901,WMEC,LPN01701,F5G,L-PC20-1STEP-SIN,,175168,AVAL
20901,WMEC,LPN01702,F5H,C-PC20-1STEP-SIN,,7832,AVAL
20901,WMEC,LPN01703,F5I,C-PC20-1STEP-SIN,,949,AVAL
20901,WMEC,LPN01704,F5J,C-PC20-1STEP-SIN,,5040,AVAL
20901,WMEC,LPN01705,F5K,TPE-C-20-PII-GY-5-547-CC,,285.85,AVAL
20901,WMEC,LPN01706,F6A,TPE-C-20-PII-GY-5-547-CC,,542,AVAL
20901,WMEC,LPN01707,F6B,INK-1921-5QT-CAMO-30,,39.7483,AVAL
20901,WMEC,LPN01708,F6C,INK-1921-5QT-CAMO-35,,35.4601,AVAL
20901,WMEC,LPN01709,F6D,INK-1921-5QT-CAMO-40,,37.6042,AVAL
20901,WMEC,LPN01710,F6E,INK-1921-5QT-CAMO-46,,37.6042,AVAL
20901,WMEC,LPN01711,F6F,INK-1921-5QT-CAMO-47,,40.8022,AVAL
20901,WMEC,LPN01712,F6G,PP-C-20-FP72820218,,628.6,AVAL
20901,WMEC,LPN01713,F6H,PP-C-20-FP72820218,,494.5,AVAL
20901,WMEC,LPN01714,F6I,L-PC20-POTTY-RNG,,94000,AVAL
20901,WMEC,LPN01715,F6J,INK-1921-5QT-LLMA-55,,0.40256,AVAL
20901,WMEC,LPN01716,F6K,INK-1921-5QT-LLMA-35,,1.3859,AVAL
20901,WMEC,LPN01717,B1A,INK-1921-5QT-LLMA-40,,6.245,AVAL
20901,WMEC,LPN01718,B1B,PP-V-CL-7X-1.1,,23800,AVAL
20901,WMEC,LPN01719,B1C,L-WP-00020-04,,102000,AVAL
20901,WMEC,LPN01720,B1D,C-WP-00020-04,,24560,AVAL
20901,WMEC,LPN01721,B1E,L-WP-00020-10,,143000,AVAL
20901,WMEC,LPN01722,B1F,C-WP-00020-10,,7800,AVAL
20901,WMEC,LPN01723,B1G,C-WP-00020-10,,10499,AVAL
20901,WMEC,LPN01724,B1H,C-WP-00020-10,,20637,AVAL
20901,WMEC,LPN01725,B1I,PP-R-BK-3X-1.1,,2345.1,AVAL
20901,WMEC,LPN01726,B1J,PP-R-BK-3X-1.1,,1644.02,AVAL
20901,WMEC,LPN01727,B1K,PP-R-BK-3X-1.1,,490971.14,AVAL
20901,WMEC,LPN01728,B2A,L-WP-00020-25,,114360,AVAL
20901,WMEC,LPN01729,B2B,L-WP-00020-50,,2464,AVAL
20901,WMEC,LPN01730,B2C,L-WP-00020-50,,93536,AVAL
20901,WMEC,LPN01731,B2D,C-WP-00020-50,,3783,AVAL
20901,WMEC,LPN01732,B2E,C-WP-00020-50,,351,AVAL
20901,WMEC,LPN01733,B2F,C-WP-00020-50,,15415,AVAL
20901,WMEC,LPN01734,B2G,PP-C-20-PII-GY-7-543,,630,AVAL
20901,WMEC,LPN01735,B2H,PP-C-20-PII-GY-7-543,,1080,AVAL
20901,WMEC,LPN01736,B2I,L-VL-DD-10,,57000,AVAL
20901,WMEC,LPN01737,B2J,C-VL-DD-10,,4570,AVAL
20901,WMEC,LPN01738,B2K,PP-C-30-PM513209,,2480,AVAL
20901,WMEC,LPN01739,B3A,PP-C-30-PM513209,,469.4,AVAL
20901,WMEC,LPN01740,B3B,C-4GBGS-19-BLUE,,6180,AVAL
20901,WMEC,LPN01741,B3C,C-4GBGS-19-BLUE,,6016,AVAL
20901,WMEC,LPN01742,B3D,C-4GBGS-19-BLUE,,5790,AVAL
20901,WMEC,LPN01743,B3E,C-4GBGS-19-BLUE,,14400,AVAL
20901,WMEC,LPN01744,B3F,HD-4GBGS-19-BLUE,,43200,AVAL
20901,WMEC,LPN01745,B3G,C-CB-1610-C,,12870,AVAL
20901,WMEC,LPN01746,B3H,C-CB-1610-C,,10970,AVAL
20901,WMEC,LPN01747,B3I,PB-CB-1610-C,,8000,AVAL
20901,WMEC,LPN01748,B3J,PB-CB-1610-C,,18000,AVAL
20901,WMEC,LPN01749,B3K,C-CB-2016-C,,12600,AVAL
20901,WMEC,LPN01750,B4A,C-CB-2016-C,,10850,AVAL
20901,WMEC,LPN01751,B4B,PB-CB-2016-C,,5984,AVAL
20901,WMEC,LPN01752,B4C,C-7QDP-19-BLK,,45,AVAL
20901,WMEC,LPN01753,B4D,C-7QDP-19-BLK,,13976,AVAL
20901,WMEC,LPN01754,B4E,C-7QDP-19-BLK,,28500,AVAL
20901,WMEC,LPN01755,B4F,PP-V-CL-5x-0.8,,370371.57,AVAL
20901,WMEC,LPN01756,B4G,PP-V-NA-5X-1.28,,69879.25,AVAL
20901,WMEC,LPN01757,B4H,PP-V-NA-5X-1.28,,733040,AVAL
20901,WMEC,LPN01758,B4I,PP-V-NA-3X-1.8,,83600,AVAL
20901,WMEC,LPN01759,B4J,PP-V-CL-8X-1.1,,40990,AVAL
20901,WMEC,LPN01760,B4K,MS11100019425PB-BODY,,210,AVAL
20901,WMEC,LPN01761,B5A,L-PC20-2STEP-DOU,,41198,AVAL
20901,WMEC,LPN01762,B5B,L-PC20-2STEP-DOU,,31000,AVAL
20901,WMEC,LPN01763,B5C,C-PC20-2STEP-DOU,,2433,AVAL
20901,WMEC,LPN01764,B5D,C-PC20-2STEP-DOU,,15515,AVAL
20901,WMEC,LPN01765,B5E,INK-1921-5QT-DINO-59-1,,0.0979,AVAL
20901,WMEC,LPN01766,B5F,INK-1921-5QT-DINO-33-1,,0.0979,AVAL
20901,WMEC,LPN01767,B5G,INK-1921-5QT-DINO-70-1,,0.0979,AVAL
20901,WMEC,LPN01768,B5H,INK-1921-5QT-DINO-47-1,,0.0979,AVAL
20901,WMEC,LPN01769,B5I,INK-1921-5QT-DINO-72-1,,0.0655,AVAL
20901,WMEC,LPN01770,B5J,INK-1921-5QT-DINO-30-1,,0.0979,AVAL
20901,WMEC,LPN01771,B5K,PDQ-VL-FS-T,,21550,AVAL
20901,WMEC,LPN01772,B6A,L-MS20213GUSA,,500000,AVAL
20901,WMEC,LPN01773,B6B,C-MS20213GUSA,,11250,AVAL
20901,WMEC,LPN01774,B6C,C-OT-CB-1G,,11657,AVAL
20901,WMEC,LPN01775,B6D,C-OT-CB-1G,,28800,AVAL
20901,WMEC,LPN01776,B6E,HANDLE-OT-CB-1G,,42,AVAL
20901,WMEC,LPN01777,B6F,BODY-OT-CB-1G,,42,AVAL
20901,WMEC,LPN01778,B6G,L-OT-CB-1G,,7542,AVAL
20901,WMEC,LPN01779,B6H,L-OT-CB-1G,,100000,AVAL
20901,WMEC,LPN01780,B6I,BODY-HTDEFF-2020,,123500,AVAL
20901,WMEC,LPN01781,B6J,L-HTDEFF-2020,,193000,AVAL
20901,WMEC,LPN01782,B6K,C-HTDEFF-2020,,29620,AVAL
20901,WMEC,LPN01783,F1A,L-HTLEF-2020 LABEL,,200000,AVAL
20901,WMEC,LPN01784,F1B,C-HTLEF-2020,,7078,AVAL
20901,WMEC,LPN01785,F1C,BODY-HTLEF-2020,,17000,AVAL
20901,WMEC,LPN01786,F1D,L-HTSMF-2020,,200000,AVAL
20901,WMEC,LPN01787,F1E,BODY-HTSMF-2020,,117800,AVAL
20901,WMEC,LPN01788,F1F,L-HTSQF-2020,,200000,AVAL
20901,WMEC,LPN01789,F1G,L-HTSQF-2020,,16000,AVAL
20901,WMEC,LPN01790,F1H,C-HTSQF-2020,,15600,AVAL
20901,WMEC,LPN01791,F1I,BODY-HTSQF-2020,,7115,AVAL
20901,WMEC,LPN01792,F1J,L-HTFF-2020,,200000,AVAL
20901,WMEC,LPN01793,F1K,L-HTFF-2020,,10000,AVAL
20901,WMEC,LPN01794,F2A,C-HTHEQF-2020,,23400,AVAL
20901,WMEC,LPN01795,F2B,C-HTFF-2020,,15082,AVAL
20901,WMEC,LPN01796,F2C,BODY-HTHEQF-2020,,125500,AVAL
20901,WMEC,LPN01797,F2D,Funnel-HTFF-2020,,109600,AVAL
20901,WMEC,LPN01798,F2E,BODY-HTFF-2020,,109600,AVAL
20901,WMEC,LPN01799,F2F,L-HTRF-2020,,200000,AVAL
20901,WMEC,LPN01800,F2G,L-HTRF-2020,,4000,AVAL
20901,WMEC,LPN01801,F2H,Pipe-PVC-HTRF-2020,,60400,AVAL
20901,WMEC,LPN01802,F2I,G-HTRF-2020-2.6mm,,60400,AVAL
20901,WMEC,LPN01803,F2J,G-HTRF-2020-3.7mm,,60400,AVAL
20901,WMEC,LPN01804,F2K,BODY1-HTRF-2020,,60400,AVAL
20901,WMEC,LPN01805,F3A,BODY2-HTRF-2020,,60400,AVAL
20901,WMEC,LPN01806,F3B,BODY3-HTRF-2020,,60400,AVAL
20901,WMEC,LPN01807,F3C,BODY4-HTRF-2020,,60400,AVAL
20901,WMEC,LPN01808,F3D,Tie-Nylon-200mm,,109600,AVAL
20901,WMEC,LPN01809,F3E,Collar-VL-COLL-20,,23750,AVAL
20901,WMEC,LPN01810,F3F,Buckle-Pin-VL-COLL,,23750,AVAL
20901,WMEC,LPN01811,F3G,Buckle-Pin-VL-COLL,,23750,AVAL
20901,WMEC,LPN01812,F3H,Buckle-D-VL-COLL,,23750,AVAL
20901,WMEC,LPN01813,F3I,Buckle-D-VL-COLL,,23750,AVAL
20901,WMEC,LPN01814,F3J,Collar-VL-COLL-55,,23750,AVAL
20901,WMEC,LPN01815,F3K,Collar-VL-COLM-20,,27500,AVAL
20901,WMEC,LPN01816,F4A,Buckle-Pin-VL-COLM,,27500,AVAL
20901,WMEC,LPN01817,F4B,Buckle-Pin-VL-COLM,,27500,AVAL
20901,WMEC,LPN01818,F4C,Buckle-D-VL-COLM,,27500,AVAL
20901,WMEC,LPN01819,F4D,Buckle-D-VL-COLM,,27500,AVAL
20901,WMEC,LPN01820,F4E,Collar-VL-COLM-55,,27500,AVAL
20901,WMEC,LPN01821,F4F,Buckle-Pin-VL-LEAS-35,,18000,AVAL
20901,WMEC,LPN01822,F4G,Buckle-D-VL-LEAS-35,,18000,AVAL
20901,WMEC,LPN01823,F4H,Leash-VL-LEAS-35,,18000,AVAL
20901,WMEC,LPN01824,F4I,HANDLE-VL-LEAS-35,,18000,AVAL
20901,WMEC,LPN01825,F4J,PP-R-BK-2X-1.5,,2758.35,AVAL
20901,WMEC,LPN01826,F4K,PP-R-BK-2X-1.5,,27011.42,AVAL
20901,WMEC,LPN01827,F5A,PP-R-BK-2X-1.5,,11735.68,AVAL
20901,WMEC,LPN01828,F5B,PP-V-NA-6x-1.65,,231000,AVAL
20901,WMEC,LPN01829,F5C,PP-V-NA-6x-1.65,,129360,AVAL
20901,WMEC,LPN01830,F5D,PP-V-NA-6x-1.65,,172480,AVAL
20901,WMEC,LPN01831,F5E,PP-V-NA-6x-1.65,,215600,AVAL
20901,WMEC,LPN01832,F5F,PP-V-NA-6x-1.65,,172480,AVAL
20901,WMEC,LPN01833,F5G,PP-V-NA-9X-9.2,,108551.76,AVAL
20901,WMEC,LPN01834,F5H,PP-C-50-FP34820368,,60,AVAL
20901,WMEC,LPN01835,F5I,PP-C-55-FP32820378,,111.4,AVAL
20901,WMEC,LPN01836,F5J,PP-C-44-FP52820544,,49.5,AVAL
20901,WMEC,LPN01837,F5K,PP-C-31-FP54820548,,199,AVAL
20901,WMEC,LPN01838,F6A,PP-C-20-FP73820184,,104,AVAL
20901,WMEC,LPN01839,F6B,PP-V-CL-3X-0.9,,43120,AVAL
20901,WMEC,LPN01840,F6C,PP-V-NA-0X-9.2,,154936,AVAL
20901,WMEC,LPN01841,F6D,PP-C-50-PM412933,,1846,AVAL
20901,WMEC,LPN01842,F6E,PP-C-20-PM811009,,2481,AVAL
20901,WMEC,LPN01843,F6F,PP-C-30-PM516008,,1000,AVAL
20901,WMEC,LPN01844,F6G,PP-V-NA-1X-2.1,,41800,AVAL
20901,WMEC,LPN01845,F6H,WP-00020-25-LATCH-0007,,1560,AVAL
20901,WMEC,LPN01846,F6I,C-4GBGS-19,,54,AVAL
20901,WMEC,LPN01847,F6J,C-4GBGS-19,,3483,AVAL
20901,WMEC,LPN01848,F6K,L-MSS1000000001BG,,86899,AVAL
20901,WMEC,LPN01849,B1A,L-MSS1000000001GR,,26056.9,AVAL
20901,WMEC,LPN01850,B1B,L-MSS1000000001GR,,60000,AVAL
20901,WMEC,LPN01851,B1C,L-MSS1000000001WH,,60000,AVAL
20901,WMEC,LPN01852,B1D,C-MSS1000000001,,206,AVAL
20901,WMEC,LPN01853,B1E,G-MSS1000000001,,24613,AVAL
20901,WMEC,LPN01854,B1F,G-MSS1000000001,,202317,AVAL
20901,WMEC,LPN01855,B1G,PP-R-GY-3X-0.9,,2200,AVAL
20901,WMEC,LPN01856,B1H,PP-C-59-PII-GRN-7-362-CC,,676.58,AVAL
20901,WMEC,LPN01857,B1I,PP-C-90-PII-ORG-7-256,,420.52,AVAL
20901,WMEC,LPN01858,B1J,L-HTLEQUIPF-2020,,99000,AVAL
20901,WMEC,LPN01859,B1K,PP-R-BK-0X-1.47,,43120,AVAL
20901,WMEC,LPN01860,B2A,PP-R-BK-2X-1.28,,43120,AVAL
20901,WMEC,LPN01861,B2B,C-MS51000000001WH,,9250,AVAL
20901,WMEC,LPN01862,B2C,PP-V-CL-5X-1.5,,19842,AVAL
20901,WMEC,LPN01863,B2D,PP-C-31-PII-BL-7-518-CC,,4696,AVAL
20901,WMEC,LPN01864,B2E,L-HAL21-5QT-PUMPKI,,579305,AVAL
20901,WMEC,LPN01865,B2F,L-HAL21-5QT-SKELET,,579305,AVAL
20901,WMEC,LPN01866,B2G,L-HAL21-5QT-WITCH,,579305,AVAL
20901,WMEC,LPN01867,B2H,L-HAL21-5QT-CAT,,471855,AVAL
20901,WMEC,LPN01868,B2I,L-HAL21-5QT-GHOST,,471855,AVAL
20901,WMEC,LPN01869,B2J,L-HAL21-5QT-CTOSS,,471855,AVAL
20901,WMEC,LPN01870,B2K,L-HAL21-ORANGE-BOWL,,54999,AVAL
20901,WMEC,LPN01871,B3A,L-HAL21-BLACK-BOWL,,42777,AVAL
20901,WMEC,LPN01872,B3B,L-12in-2021-Cau,,130336,AVAL
20901,WMEC,LPN01873,B3C,L-HTTS-2020,,200000,AVAL
20901,WMEC,LPN01874,B3D,PP-C-PM711103,,597.25,AVAL
20901,WMEC,LPN01875,B3E,PP-C-80-PM515333,,2627,AVAL
20901,WMEC,LPN01876,B3F,PP-C-30-PM515332,,1457,AVAL
20901,WMEC,LPN01877,B3G,PP-C-40-PM611217,,1257,AVAL
20901,WMEC,LPN01878,B3H,PP-C-90-PM34426,,1222,AVAL
20901,WMEC,LPN01879,B3I,C-HTLEQUIPF-2020,,15513,AVAL
20901,WMEC,LPN01880,B3J,PP-C-45-PII-GRN-24-442,,1072,AVAL
20901,WMEC,LPN01881,B3K,7QDP-19-BLK-Injection-0001,,22572,AVAL
20901,WMEC,LPN01882,B4A,1921-5QT-CAMO-HANDLE-0003,,23632,AVAL
20901,WMEC,LPN01883,B4B,4GBGS-19-BLUE-Screen-0003,,15436,AVAL
20901,WMEC,LPN01884,B4C,1921-5QT-DINO-HANDLE-0003,,53232,AVAL
20901,WMEC,LPN01885,B4D,1921-5QT-DINO-HANDLE-0004,,688,AVAL
20901,WMEC,LPN01886,B4E,1921-5QT-EGG-HANDLE-0004,,50000,AVAL
20901,WMEC,LPN01887,B4F,1921-5QT-FROG-HANDLE-0003,,560,AVAL
20901,WMEC,LPN01888,B4G,WP-00020-10-BODY-0004,,1669,AVAL
20901,WMEC,LPN01889,B4H,WP-00020-50-BODY-0005,,3018,AVAL
20901,WMEC,LPN01890,B4I,WP-00020-50-BODY-0007,,270,AVAL
20901,WMEC,LPN01891,B4J,WP-00020-50-WHEEL-0005,,12072,AVAL
20901,WMEC,LPN01892,B4K,4GBGS-19-BLUE-Screen-0004,,47638,AVAL
20901,WMEC,LPN01893,B5A,VL-DD-10-Frame-0005,,13674,AVAL
20901,WMEC,LPN01894,B5B,VL-DD-10-Leg-0005,,75748,AVAL
20901,WMEC,LPN01895,B5C,VL-DD-10-Bowl-0005,,75988,AVAL
20901,WMEC,LPN01896,B5D,1921-BASKET-BLU-HANDLE-0003,,2532,AVAL
20901,WMEC,LPN01897,B5E,1921-5QT-SPORT-Print-0006,,121520,AVAL
20901,WMEC,LPN01898,B5F,4GBGS-19-BLUE-Screen-0006,,5305,AVAL
20901,WMEC,LPN01899,B5G,WP-00020-25-LATCH-0007,,829,AVAL
20901,WMEC,LPN01900,B5H,WP-00020-25-LATCH-0008,,1100,AVAL
20901,WMEC,LPN01901,B5I,WP-00020-25-BODY-0009,,3572,AVAL
20901,WMEC,LPN01902,B5J,WP-00020-25-LID-0009,,32372,AVAL
20901,WMEC,LPN01903,B5K,WP-00020-25-LATCH-0009,,32672,AVAL
20901,WMEC,LPN01904,B6A,WP-00020-25-WHEEL-0009,,50688,AVAL
20901,WMEC,LPN01905,B6B,WP-00020-25-LID-0010,,55440,AVAL
20901,WMEC,LPN01906,B6C,WP-00020-25-LATCH-0010,,55524,AVAL
20901,WMEC,LPN01907,B6D,WP-00020-25-WHEEL-0010,,222096,AVAL
20901,WMEC,LPN01908,B6E,WP-00020-04-BODY-0007,,628,AVAL
20901,WMEC,LPN01909,B6F,WP-00020-04-LID-0007,,1314,AVAL
20901,WMEC,LPN01910,B6G,WP-00020-04-BODY-0008,,12240,AVAL
20901,WMEC,LPN01911,B6H,WP-00020-04-LID-0008,,17868,AVAL
20901,WMEC,LPN01912,B6I,WP-00020-25-BODY-0011,,72167,AVAL
20901,WMEC,LPN01913,B6J,WP-00020-25-LID-0011,,78588,AVAL
20901,WMEC,LPN01914,B6K,WP-00020-25-LATCH-0011,,81251,AVAL
20901,WMEC,LPN01915,F1A,WP-00020-25-LID-0012,,15780,AVAL
20901,WMEC,LPN01916,F1B,WP-00020-25-LATCH-0012,,29349,AVAL
20901,WMEC,LPN01917,F1C,WP-00020-25-WHEEL-0012,,117396,AVAL
20901,WMEC,LPN01918,F1D,WP-00020-10-BODY-0006,,2534,AVAL
20901,WMEC,LPN01919,F1E,WP-00020-50-LID-0009,,2546,AVAL
20901,WMEC,LPN01920,F1F,WP-00020-50-LATCH-0009,,6576,AVAL
20901,WMEC,LPN01921,F1G,WP-00020-50-WHEEL-0009,,60000,AVAL
20901,WMEC,LPN01922,F1H,WP-00020-50-BODY-0010,,19870,AVAL
20901,WMEC,LPN01923,F1I,WP-00020-50-LID-0010,,19870,AVAL
20901,WMEC,LPN01924,F1J,WP-00020-50-LATCH-0010,,19870,AVAL
20901,WMEC,LPN01925,F1K,WP-00020-50-WHEEL-0010,,79480,AVAL
20901,WMEC,LPN01926,F2A,4GBGS-19-APPLE-Screen-0001,,2,AVAL
20901,WMEC,LPN01927,F2B,4GBGS-19-ORANGE-Screen-0001,,211,AVAL
20901,WMEC,LPN01928,F2C,4GBGS-19-PRP-Screen-0001,,3,AVAL
20901,WMEC,LPN01929,F2D,4GBGS-19-OCEAN-Screen-0001,,3,AVAL
20901,WMEC,LPN01930,F2E,PC20-2STEP-DOU-BODY-0003,,34290,AVAL
20901,WMEC,LPN01931,F2F,WP-00020-04-BODY-0009,,18236,AVAL
20901,WMEC,LPN01932,F2G,WP-00020-04-LID-0009,,39131,AVAL
20901,WMEC,LPN01933,F2H,WP-00020-10-BODY-0007,,51043,AVAL
20901,WMEC,LPN01934,F2I,WP-00020-50-BODY-0011,,2820,AVAL
20901,WMEC,LPN01935,F2J,WP-00020-50-LATCH-0011,,3000,AVAL
20901,WMEC,LPN01936,F2K,WP-00020-50-WHEEL-0011,,12000,AVAL
20901,WMEC,LPN01937,F3A,7QDP-19-BLK-BODY-0005,,121176,AVAL
20901,WMEC,LPN01938,F3B,4GBGS-19-BLUE-BODY-0007,,817,AVAL
20901,WMEC,LPN01939,F3C,4GBGS-19-BLUE-Screen-0007,,817,AVAL
20901,WMEC,LPN01940,F3D,HTLEQUIPF-2020-BODY-0001,,5760,AVAL
20901,WMEC,LPN01941,F3E,HTSQF-2020-BODY-0002,,11982,AVAL
20901,WMEC,LPN01942,F3F,WP-00020-50-LID-0012,,29806,AVAL
20901,WMEC,LPN01943,F3G,WP-00020-50-LATCH-0012,,32090,AVAL
20901,WMEC,LPN01944,F3H,WP-00020-50-WHEEL-0012,,139256,AVAL
20901,WMEC,LPN01945,F3I,5qt-2021-Witch-HANDLE-0001,,513988,AVAL
20901,WMEC,LPN01946,F3J,5qt-2021-Skelet-HANDLE-0001,,532912,AVAL
20901,WMEC,LPN01947,F3K,5qt-2021-Pumpki-HANDLE-0001,,532912,AVAL
20901,WMEC,LPN01948,F4A,5qt-2021-Ghost-HANDLE-0001,,428592,AVAL
20901,WMEC,LPN01949,F4B,5qt-2021-CTOSS-BODY-0001,,348619,AVAL
20901,WMEC,LPN01950,F4C,5qt-2021-Skelet-HANDLE-0002,,29520,AVAL
20901,WMEC,LPN01951,F4D,5qt-2021-Pumpki-HANDLE-0002,,29520,AVAL
20901,WMEC,LPN01952,F4E,5qt-2021-Ghost-HANDLE-0002,,25920,AVAL
20901,WMEC,LPN01953,F4F,4GBGS-19-BLUE-BODY-0008,,2888,AVAL
20901,WMEC,LPN01954,F4G,4GBGS-19-BLUE-Screen-0008,,21460,AVAL
20901,WMEC,LPN01955,F4H,OT-CB-1G-Top-0002,,5591,AVAL
20901,WMEC,LPN01956,F4I,OT-CB-1G-Handle-0002,,5591,AVAL
20901,WMEC,LPN01957,F4J,OT-CB-1G-Bottom-0002,,5591,AVAL
20901,WMEC,LPN01958,F4K,OT-CB-1G-Top-0003,,40167,AVAL
20901,WMEC,LPN01959,F5A,OT-CB-1G-Handle-0003,,53984,AVAL
20901,WMEC,LPN01960,F5B,OT-CB-1G-Bottom-0003,,40647,AVAL
20901,WMEC,LPN01961,F5C,4GBGS-19-BLUE-Screen-0009,,13452,AVAL
20901,WMEC,LPN01962,F5D,WP-00020-04-BODY-0010,,20080,AVAL
20901,WMEC,LPN01963,F5E,WP-00020-04-LID-0010,,8147,AVAL
20901,WMEC,LPN01964,F5F,WP-00020-25-WHEEL-0016,,372136,AVAL
20901,WMEC,LPN01965,F5G,WP-00020-25-LATCH-0016,,115747,AVAL
20901,WMEC,LPN01966,F5H,WP-00020-50-BODY-0014,,29417,AVAL
20901,WMEC,LPN01967,F5I,WP-00020-50-LATCH-0014,,60000,AVAL
20901,WMEC,LPN01968,F5J,WP-00020-50-WHEEL-0014,,240000,AVAL